;id;nome;email;cidade;estado;data_cadastro
0;0;Sra. Sara Dias;da-cunhadaniel@example.com;Sampaio de Campos;RN;2024-09-15 05:58:05
1;1;Zoe Carvalho;caldeiramaria-cecilia@example.com;Vargas do Sul;RR;2021-08-26 20:41:29
2;2;Miguel Oliveira;brunocamara@example.com;Campos;PB;2024-06-18 10:22:17
3;3;Sophia Porto;hda-rocha@example.net;Ribeiro das Flores;DF;2024-03-30 02:11:36
4;4;Nina Gonçalves;efonseca@example.net;Sá do Norte;ES;2022-01-07 18:57:47
5;5;Sarah Azevedo;freitasravi@example.net;Jesus da Praia;PE;2022-05-02 04:27:26
6;6;Emilly da Rocha;rhavi91@example.com;Carvalho;MS;2020-11-20 12:13:02
7;7;Sra. Camila Marques;maria-juliaborges@example.org;Cunha de Siqueira;SP;2024-06-19 01:29:10
8;8;Ana Sophia Vasconcelos;machadopaulo@example.org;Sá;TO;2023-03-26 14:06:23
9;9;Luiz Henrique Gonçalves;silvaisabel@example.net;Albuquerque;TO;2025-01-03 10:40:21
10;10;Leonardo Azevedo;davi66@example.net;Dias das Flores;PA;2024-02-17 18:59:41
11;11;Nicole Farias;zoe77@example.net;Guerra Alegre;MG;2025-05-14 01:46:03
12;12;Murilo Araújo;ana-carolina00@example.org;Gomes;PE;2023-03-14 14:03:15
13;13;Bento Vasconcelos;da-conceicaoliam@example.org;Rios do Amparo;PR;2024-08-21 18:48:22
14;14;Calebe Araújo;yferreira@example.org;Mendes do Sul;AM;2021-01-28 02:44:13
15;15;Heloísa da Paz;mcirino@example.net;Mendes;RO;2020-11-05 09:50:05
16;16;Ana Araújo;smartins@example.net;Lima de Rios;RS;2020-09-09 08:10:55
17;17;Lara Costa;benicio37@example.com;Cirino;RO;2024-06-14 13:16:16
18;18;Nina Lima;liam31@example.com;Gomes do Oeste;RJ;2025-06-03 01:45:21
19;19;Srta. Júlia Cavalcante;pmarques@example.com;Oliveira;AP;2025-05-28 15:22:10
20;20;Isaac Freitas;rael56@example.org;Ferreira da Serra;RO;2022-04-03 13:18:11
21;21;Luiz Gustavo Melo;santosheloisa@example.net;Mendonça do Norte;SP;2021-03-07 09:50:42
22;22;Bella Mendonça;pbarros@example.com;Câmara de Goiás;ES;2024-05-10 21:07:05
23;23;Pedro Miguel Pereira;pastoraurora@example.org;Carvalho Alegre;AL;2021-05-25 00:39:26
24;24;Kaique Gonçalves;cecilia44@example.com;Pires da Praia;GO;2021-09-16 13:59:00
25;25;Sr. Enzo Gabriel Cavalcanti;umacedo@example.net;Montenegro de Rios;RS;2021-08-19 02:42:11
26;26;Isadora Vieira;osampaio@example.org;Monteiro dos Dourados;PR;2023-06-23 08:20:03
27;27;Antônio Nascimento;sophie67@example.org;Santos dos Dourados;PA;2021-07-11 17:44:10
28;28;Maria Cecília Aragão;leaoclara@example.com;Silveira;PI;2024-05-02 04:20:54
29;29;Luiz Miguel Ramos;ferreirathales@example.net;Novais;AC;2020-11-16 21:25:56
30;30;Davi Lucca Cassiano;rochagiovanna@example.org;Pereira;AC;2021-06-26 08:26:18
31;31;Olívia Cirino;jsales@example.net;Dias do Amparo;AP;2022-08-31 23:44:12
32;32;Sra. Maria Vitória Almeida;saleszoe@example.org;Macedo do Oeste;PB;2023-05-26 09:35:43
33;33;Sra. Isabella Fonseca;nunesluigi@example.com;Brito de Minas;MS;2024-12-16 05:38:12
34;34;Luara Castro;isabellacosta@example.com;Brito;MA;2022-04-14 22:51:59
35;35;Luiz Miguel Cavalcanti;fariasmateus@example.net;Pereira Paulista;MT;2021-11-30 23:22:31
36;36;Ana Clara Sales;aragaomarcelo@example.org;Ribeiro;RN;2024-12-12 23:00:16
37;37;Evelyn Cardoso;melissasiqueira@example.net;Garcia;MA;2025-07-23 10:04:55
38;38;Sr. Ravy Gonçalves;tsouza@example.com;Moraes de da Cruz;MT;2020-10-11 17:00:09
39;39;Arthur da Mata;mendoncabrayan@example.net;Costela;BA;2024-05-10 12:10:55
40;40;Julia Aragão;riosmanuela@example.net;Barros;AM;2024-08-30 08:13:33
41;41;Arthur Gabriel Araújo;joao-felipe27@example.org;Andrade do Sul;AL;2020-09-08 09:55:52
42;42;Miguel Gomes;eduardo49@example.com;Farias;SE;2021-06-19 09:40:58
43;43;Anna Liz Aparecida;ana-clara10@example.org;Caldeira;RN;2024-12-05 09:15:55
44;44;Gabriel Ferreira;rebecaalmeida@example.org;da Cunha do Norte;CE;2023-05-21 07:00:44
45;45;Diego Moura;sda-cruz@example.net;Souza de da Cunha;AP;2023-08-23 15:11:43
46;46;Cauã da Mata;xcunha@example.org;Nogueira do Sul;SC;2024-04-30 16:46:59
47;47;Bruno Mendes;ana-clara94@example.com;da Mota;CE;2021-09-10 22:07:33
48;48;Luana Monteiro;da-luzclara@example.com;Sales de Oliveira;TO;2022-10-22 14:05:05
49;49;Ana Liz da Paz;vpereira@example.org;Peixoto Verde;AC;2024-07-09 09:28:51
50;50;Antonella Leão;fogacaana-vitoria@example.org;Nascimento da Serra;SE;2021-06-21 15:54:30
51;51;Liam Viana;zoemontenegro@example.org;Azevedo de Goiás;GO;2022-06-18 03:43:47
52;52;Dr. André Lopes;aparecidaolivia@example.com;Sampaio;MA;2025-08-16 12:09:17
53;53;Sr. Henrique Sousa;leandroteixeira@example.com;Vasconcelos;PI;2020-11-08 09:17:39
54;54;Sr. Joaquim Cavalcanti;pintomirella@example.com;Freitas;RN;2024-06-21 04:39:35
55;55;Davi Lucca Andrade;lteixeira@example.com;Andrade;SC;2025-05-14 01:17:00
56;56;Catarina Monteiro;araujobenjamin@example.net;Ramos do Oeste;RS;2021-07-06 11:18:16
57;57;Otávio Jesus;oleao@example.org;Andrade da Praia;GO;2022-11-24 01:00:48
58;58;Kamilly da Cunha;correiavalentim@example.com;da Costa;MT;2020-11-04 02:29:59
59;59;Eduarda Dias;jesuscalebe@example.net;Barros Verde;BA;2025-08-11 18:34:43
60;60;Srta. Luísa Marques;ssa@example.com;Gomes;AP;2020-12-18 05:55:09
61;61;Sophie Sousa;ryanlopes@example.org;Pastor;AL;2023-09-25 08:58:36
62;62;Yan Almeida;maria-vitoria10@example.org;Pastor;ES;2024-04-03 04:31:26
63;63;Ravy Cunha;pedro-henrique81@example.org;Vieira das Pedras;MG;2023-09-04 17:23:49
64;64;Vitória Duarte;guerraotavio@example.org;Pacheco;ES;2021-04-12 00:37:09
65;65;Nathan Souza;danielsouza@example.com;Correia da Mata;PI;2025-04-27 19:46:08
66;66;Dr. Benicio Correia;da-mataisaque@example.net;Nogueira;RJ;2020-12-23 02:55:45
67;67;Srta. Rebeca Brito;maria-florporto@example.org;Garcia do Norte;GO;2025-03-08 13:32:29
68;68;Diego Siqueira;fariascarolina@example.net;da Rocha;AP;2023-03-02 06:18:50
69;69;Giovanna Cirino;casa-grandebenicio@example.com;Rios;MG;2021-02-15 07:23:37
70;70;Mirella Azevedo;rhavigoncalves@example.net;Garcia de da Luz;DF;2023-04-13 18:00:06
71;71;Emanuelly Ribeiro;jose-miguelcosta@example.org;Alves;DF;2024-05-28 05:07:56
72;72;Leonardo Brito;bnogueira@example.com;Sampaio;SP;2022-03-20 20:56:36
73;73;Amanda Montenegro;pintomiguel@example.org;Casa Grande das Pedras;RN;2024-12-16 05:39:38
74;74;Giovanna Teixeira;tpereira@example.net;Machado de Casa Grande;AL;2022-04-14 00:21:10
75;75;Olivia Novais;erickcirino@example.net;Almeida da Mata;RR;2024-11-14 09:13:56
76;76;Sara Barros;lorenzoduarte@example.net;Machado da Mata;AM;2023-03-20 19:15:33
77;77;Cecília Garcia;erickmontenegro@example.com;Freitas;SC;2022-06-01 09:41:14
78;78;Rael Souza;sandrade@example.org;Carvalho de Minas;MG;2023-03-29 01:33:44
79;79;Dra. Rafaela da Rosa;albuquerquehenrique@example.com;Nogueira;RR;2023-01-29 20:32:16
80;80;Catarina Peixoto;luiz-henrique76@example.org;Pacheco do Campo;RS;2022-05-21 16:10:24
81;81;Mathias Duarte;valentinacamargo@example.org;Leão;RN;2024-10-05 07:07:05
82;82;Maria Luísa Rios;luara39@example.com;da Luz;RJ;2022-04-05 02:22:30
83;83;Pietra Fernandes;wcostela@example.org;Marques;PB;2021-08-03 23:41:35
84;84;Eduardo da Cunha;kalbuquerque@example.com;Ramos;RO;2025-03-28 12:15:39
85;85;Liam Marques;siqueiraheitor@example.net;Monteiro das Pedras;AP;2021-05-17 02:01:52
86;86;Isaac Cavalcanti;alana64@example.net;Leão de Ribeiro;PI;2020-10-13 06:05:42
87;87;Bryan Viana;ynovais@example.org;Viana do Sul;TO;2021-11-12 00:27:59
88;88;Alexandre Farias;pereirabenicio@example.com;Cavalcante;PI;2021-11-16 15:33:58
89;89;Rodrigo Rocha;heloisaribeiro@example.org;Silveira dos Dourados;ES;2021-06-05 15:54:41
90;90;Mariah Cunha;renan85@example.net;Leão da Serra;AP;2022-05-01 01:03:00
91;91;Sr. Benjamin Cassiano;maria-cecilia61@example.com;Fonseca de Minas;AC;2022-01-02 10:30:38
92;92;Léo Nogueira;pereiraana-laura@example.org;Lopes;RS;2024-01-28 18:46:01
93;93;Ana Laura Vieira;henriquepimenta@example.net;Brito Paulista;BA;2023-02-16 18:10:13
94;94;Isabella Ferreira;nicolas64@example.com;Silva;RS;2021-04-04 22:20:16
95;95;Igor Vieira;jadesousa@example.net;Carvalho da Serra;BA;2022-02-07 18:31:10
96;96;Maria Isis da Cunha;pda-cunha@example.com;Vasconcelos Verde;MS;2022-12-01 00:46:55
97;97;Agatha Moreira;malmeida@example.net;Dias;MT;2024-09-28 04:14:55
98;98;Vitória Moraes;lgoncalves@example.com;da Paz;GO;2021-03-13 03:43:51
99;99;Cecília Silveira;sabrina86@example.net;Casa Grande de Fernandes;DF;2024-08-16 12:53:37
100;100;Allana da Paz;daniel65@example.com;Campos;AM;2023-03-02 13:18:58
101;101;Esther Camargo;marialopes@example.com;Montenegro;AM;2023-02-07 04:19:27
102;102;Heloísa Aparecida;igormarques@example.org;Cassiano das Flores;PA;2021-01-27 17:18:06
103;103;Maria Marques;lauralima@example.net;Correia do Sul;RN;2022-09-30 22:48:40
104;104;Maria Clara Rodrigues;camararhavi@example.net;Rezende;MT;2024-10-02 03:01:12
105;105;Antony Fernandes;moreiravitor@example.net;Sampaio;SE;2022-11-20 17:48:26
106;106;Vitor Gabriel Moura;nogueiraemanuella@example.com;Jesus;RN;2025-01-30 23:12:02
107;107;Srta. Maria Alice Lopes;aragaothales@example.com;da Mota;AM;2024-08-29 01:46:18
108;108;Diogo Abreu;henry-gabrielbarros@example.net;Cirino;AC;2022-06-26 05:03:47
109;109;Sra. Maria Luiza Leão;emanuella78@example.net;Vieira Paulista;MS;2022-08-19 18:14:45
110;110;Sr. Pietro da Costa;pietraleao@example.org;Monteiro;MT;2023-12-16 10:57:25
111;111;João Felipe Souza;otto43@example.com;da Paz;MS;2022-12-15 23:28:05
112;112;Ana Julia Jesus;mcampos@example.org;da Cruz de Cassiano;RO;2023-08-26 17:51:06
113;113;Manuella Souza;vitor-hugosales@example.net;Lima Grande;PA;2020-12-23 06:15:10
114;114;Benicio Farias;osiqueira@example.net;Mendonça;PE;2025-08-12 19:01:15
115;115;Benjamin Pires;xcunha@example.net;Gomes;AL;2023-05-30 00:58:05
116;116;Luiz Felipe Jesus;cecilia02@example.com;Jesus;ES;2022-11-12 20:08:18
117;117;Larissa Rodrigues;ferreiralaura@example.net;Albuquerque;TO;2025-08-12 01:15:26
118;118;Dr. Dom Martins;catarina71@example.com;Pinto;AL;2024-04-01 12:12:33
119;119;Luiz Miguel Abreu;alicegomes@example.org;Dias;TO;2023-02-18 16:38:46
120;120;Miguel da Paz;thalesda-cruz@example.net;da Cunha;GO;2023-03-13 11:37:33
121;121;Luiz Henrique Ramos;brendapimenta@example.com;Oliveira do Galho;RN;2024-10-03 08:22:22
122;122;Luiz Miguel Novais;vitor-hugopimenta@example.com;Oliveira;RR;2021-11-13 01:52:34
123;123;João Vitor Siqueira;jose-pedrolima@example.net;Lopes de Farias;SP;2022-11-17 13:33:04
124;124;Sr. Liam Moreira;juliana98@example.net;Sampaio;SP;2021-07-07 00:46:53
125;125;Ana Lívia Silveira;ylopes@example.com;Garcia de Goiás;MT;2024-06-17 03:59:41
126;126;Mariana Garcia;isisbarbosa@example.org;da Conceição;AC;2025-01-06 03:04:22
127;127;Gustavo Silveira;ester25@example.com;Carvalho;RJ;2024-06-20 15:27:00
128;128;Isabel Abreu;zmonteiro@example.com;Teixeira;RJ;2025-01-09 18:39:44
129;129;Luan Casa Grande;brayan97@example.com;Sales;PI;2022-01-29 20:12:48
130;130;Kamilly Azevedo;vda-conceicao@example.com;Cirino de Minas;RS;2025-06-21 02:12:44
131;131;Leandro Cassiano;gda-conceicao@example.net;Dias;PI;2021-07-15 20:10:49
132;132;Davi da Paz;wpeixoto@example.com;Pinto dos Dourados;PB;2021-01-13 01:42:17
133;133;Nina Silva;zmendonca@example.com;Peixoto;RN;2024-12-10 21:06:36
134;134;Isadora Ferreira;pachecovinicius@example.com;Câmara;AC;2024-05-01 04:13:51
135;135;Bárbara da Rosa;brunoandrade@example.com;Mendes;RN;2020-10-31 20:09:17
136;136;Sr. Caio Garcia;ester09@example.net;Viana;RS;2020-11-10 08:11:52
137;137;Vitor Barros;paulo54@example.com;Vieira;AC;2023-01-15 08:33:12
138;138;Théo Camargo;enrico04@example.com;Cavalcanti;RO;2023-08-27 07:13:26
139;139;Vitor Gabriel da Cunha;efreitas@example.org;Vargas;SP;2022-05-13 16:48:13
140;140;Ian Melo;camila72@example.com;Nogueira de Pastor;DF;2022-01-31 19:15:33
141;141;Emilly Cavalcante;laura13@example.net;Gomes;ES;2021-08-14 04:38:34
142;142;Anthony da Mota;isadora89@example.org;Ramos Paulista;CE;2025-07-18 19:00:52
143;143;Luiz Miguel Ferreira;melonoah@example.org;Barbosa;RS;2023-11-10 13:20:14
144;144;Sr. Theodoro Cunha;danielarezende@example.net;Dias de Guerra;PA;2020-12-11 00:17:50
145;145;Ana Clara Moreira;fernandeseduarda@example.com;Casa Grande de Minas;SE;2025-04-17 09:49:14
146;146;Carlos Eduardo da Cunha;aylla36@example.org;Sampaio;AP;2024-04-20 00:23:06
147;147;Sofia Marques;matheuspires@example.net;Cassiano do Campo;MG;2024-05-05 00:15:43
148;148;Erick Moreira;oborges@example.net;Ribeiro;PI;2021-08-21 11:29:13
149;149;Sr. João Lucas Andrade;laura23@example.org;Macedo Grande;SE;2021-06-03 01:40:08
150;150;Murilo Peixoto;nathanbrito@example.net;Campos;MA;2023-09-27 03:07:11
151;151;Pietro Teixeira;amarques@example.com;Pinto Paulista;SP;2024-07-17 01:06:24
152;152;Dra. Ana Laura Pacheco;antonellaferreira@example.com;Lopes de Siqueira;RS;2022-10-24 06:36:10
153;153;Bryan Barbosa;fnunes@example.org;Pimenta;RO;2023-05-31 00:16:02
154;154;Nicolas Montenegro;sda-rosa@example.net;Caldeira da Serra;RS;2023-04-11 13:34:34
155;155;Elisa Brito;vargasdanilo@example.net;Abreu do Sul;MT;2021-12-20 05:10:43
156;156;Matheus Rezende;barrosmarina@example.com;Azevedo do Norte;GO;2025-03-07 23:06:40
157;157;Thomas Carvalho;ialbuquerque@example.net;Correia do Amparo;RS;2020-11-06 20:56:17
158;158;Felipe Aragão;msiqueira@example.net;Oliveira da Mata;RN;2021-05-31 23:57:22
159;159;Maria Isis Camargo;oliviamendes@example.com;Martins;RR;2021-05-02 17:58:39
160;160;Sr. José Monteiro;bcampos@example.com;Câmara de Andrade;RR;2024-03-07 14:16:35
161;161;Davi Miguel Dias;andradejoao-gabriel@example.org;Costa dos Dourados;SC;2025-07-17 19:08:26
162;162;Ana Julia da Paz;haragao@example.org;Pinto do Campo;BA;2024-10-07 06:20:36
163;163;Cecília Cavalcanti;joao-gabrielcastro@example.org;Marques;PE;2023-09-05 03:41:24
164;164;Eloah Gomes;goncalvesana-livia@example.com;Nunes do Sul;MT;2021-05-22 17:14:45
165;165;Vinícius Campos;nferreira@example.net;Viana de Goiás;SP;2022-09-06 06:06:29
166;166;Isadora Cardoso;luisaalves@example.net;Viana Alegre;PE;2021-10-22 14:35:19
167;167;Theodoro da Luz;hellena82@example.com;Cavalcante;SP;2020-12-07 01:52:35
168;168;Valentim Souza;ecavalcanti@example.org;Cardoso;SP;2021-04-29 19:43:05
169;169;Ryan Campos;kcamara@example.net;Mendonça da Prata;ES;2022-11-27 10:55:03
170;170;Luiz Fernando Andrade;cavalcantievelyn@example.org;Ribeiro dos Dourados;PE;2025-03-18 08:05:35
171;171;Ian Vargas;vaparecida@example.org;Câmara de Costela;AC;2024-10-25 08:43:34
172;172;Davi Lucca Oliveira;siqueiramaria-cecilia@example.net;Alves Verde;MS;2023-03-14 03:30:41
173;173;Ana Julia Lima;riosyan@example.org;Rezende;SP;2024-12-14 09:23:56
174;174;Arthur Carvalho;hcaldeira@example.org;Mendes do Galho;RN;2023-07-07 10:27:09
175;175;Gustavo Henrique Brito;rhaviaragao@example.net;Nascimento;PB;2021-02-16 00:57:52
176;176;Sarah Castro;gustavopastor@example.com;Sousa;CE;2025-05-21 00:58:52
177;177;Sr. Daniel da Rocha;ana-beatrizcastro@example.org;Ribeiro;RS;2023-10-06 12:09:15
178;178;Dra. Ana Beatriz Campos;juliarocha@example.com;Pastor do Amparo;ES;2024-04-06 22:15:50
179;179;Benicio Siqueira;francisco88@example.org;Sá;PB;2021-12-18 18:56:18
180;180;Theo Monteiro;miguel30@example.org;Araújo;ES;2024-04-13 16:22:42
181;181;Catarina Rios;diasayla@example.net;Fernandes;MS;2020-10-12 19:47:05
182;182;Luiz Henrique Gonçalves;alexandreda-rosa@example.net;Cassiano;SE;2024-04-23 01:18:13
183;183;Maria Isis Rodrigues;luiz-miguel26@example.org;Casa Grande do Galho;CE;2022-09-17 05:41:12
184;184;Maria Fernanda Rezende;jda-cunha@example.com;Gomes das Pedras;SE;2024-11-07 07:06:06
185;185;Anthony Pimenta;sampaiomaria-laura@example.net;Vargas do Amparo;PB;2024-12-05 07:42:02
186;186;Benjamin da Costa;zpimenta@example.net;Moura de Campos;AM;2021-01-13 23:10:23
187;187;Cecilia Moura;dpeixoto@example.org;Castro da Praia;SE;2022-03-18 22:45:43
188;188;Caroline Alves;arthur-miguelcaldeira@example.com;Sousa;AM;2020-09-20 03:48:28
189;189;Sara da Mota;nogueiragabriela@example.net;Costela;RJ;2021-12-20 01:14:06
190;190;Alícia Machado;claricecastro@example.net;Aragão de Goiás;RR;2021-06-28 13:47:42
191;191;Alice da Cunha;rodriguesheloisa@example.net;Oliveira de Martins;PA;2022-05-07 22:19:44
192;192;Lara Cunha;dantegomes@example.com;Costela de Minas;TO;2023-09-30 02:30:31
193;193;Srta. Pietra Moraes;krodrigues@example.net;Ferreira do Campo;ES;2024-03-02 21:09:04
194;194;Esther Cardoso;vitoriaferreira@example.com;Sá de Moura;MS;2021-12-04 22:24:23
195;195;Yan Pimenta;silveiraana-julia@example.org;Monteiro;PR;2022-10-06 03:17:28
196;196;Melissa Santos;freitasester@example.com;Ramos;GO;2021-09-27 23:06:13
197;197;Josué Alves;maria-claraporto@example.com;Caldeira;SE;2023-09-27 03:52:23
198;198;Valentim da Rocha;mateus22@example.org;Freitas de Casa Grande;CE;2021-09-29 23:18:53
199;199;Dr. Renan Nascimento;portolorenzo@example.org;Nunes;BA;2023-11-14 11:56:00
200;200;Igor Martins;raul63@example.org;Sousa;CE;2023-07-15 21:37:41
201;201;Srta. Isabel Santos;da-costamaria-flor@example.com;Martins;AP;2021-10-07 21:23:54
202;202;Maria Vitória Pimenta;calebe41@example.com;Farias da Praia;AL;2023-04-12 13:54:39
203;203;Breno Câmara;kaique61@example.net;Melo Grande;AC;2024-04-04 00:10:34
204;204;Enrico Rezende;sampaiocecilia@example.com;Sampaio da Mata;RN;2023-07-28 01:16:35
205;205;Anna Liz Almeida;renancardoso@example.net;Gomes Alegre;AM;2022-11-13 09:18:50
206;206;Dr. Thiago Lopes;theocostela@example.org;Albuquerque;TO;2022-04-21 12:19:41
207;207;Ana Vargas;joao-guilherme22@example.org;Monteiro do Campo;MS;2024-10-05 06:24:58
208;208;Melina Garcia;zoe60@example.net;Correia da Mata;PI;2025-05-04 15:35:08
209;209;Brenda Vieira;fernandesvalentim@example.org;Nascimento Verde;PA;2024-09-27 23:59:32
210;210;Alana Borges;pmacedo@example.com;Cunha de Costela;MT;2023-01-08 05:01:01
211;211;Mariana Barros;tfogaca@example.com;Montenegro da Prata;BA;2020-11-10 22:24:40
212;212;Sr. Anthony Duarte;santostheodoro@example.net;Moura do Amparo;PA;2021-03-05 23:17:51
213;213;Laura Cavalcanti;albuquerquebenjamin@example.com;Silva da Serra;PE;2023-07-09 01:56:15
214;214;Melina Andrade;sousatheodoro@example.net;Novaes do Sul;RN;2022-02-09 13:25:10
215;215;Sr. Matheus Lopes;da-motamanuela@example.com;Vargas de Goiás;SC;2022-01-13 00:50:22
216;216;Srta. Marcela Machado;dda-conceicao@example.org;Pastor Alegre;SP;2022-05-18 17:45:23
217;217;Melissa Araújo;raulda-costa@example.com;Viana Alegre;SP;2021-03-12 19:12:13
218;218;Lucas Novais;mirellacorreia@example.org;Jesus;PA;2021-10-22 07:00:15
219;219;Jade Mendes;anthony-gabriel15@example.net;Carvalho;MA;2022-11-21 03:37:05
220;220;José Pedro Viana;nascimentojoao-guilherme@example.org;Abreu de Leão;RR;2023-10-09 17:56:06
221;221;Pedro Miguel Câmara;ana-carolina63@example.net;Lopes Paulista;PB;2021-08-17 21:59:59
222;222;Olívia da Conceição;moraesagatha@example.com;Vieira;SP;2024-11-30 13:32:29
223;223;Lucas Silva;ana-luizada-luz@example.org;Siqueira de da Costa;RR;2022-04-17 09:36:49
224;224;Ravi da Rocha;wmoura@example.org;Gomes Grande;RS;2021-11-10 22:51:39
225;225;Heloísa Nascimento;joao-lucas75@example.net;Andrade;MG;2022-10-01 08:41:34
226;226;Mariah Barros;jose-pedro99@example.net;Pinto de Martins;MG;2020-12-02 02:53:19
227;227;Fernanda Barbosa;joao-lucasnovaes@example.com;Viana;RN;2021-08-14 19:15:07
228;228;Sra. Ayla Peixoto;da-motadavi-miguel@example.org;Jesus da Serra;MG;2021-05-08 23:16:20
229;229;Thales Cavalcanti;elima@example.org;Fogaça da Prata;RR;2023-09-28 18:08:22
230;230;Rhavi Moraes;daniel23@example.net;Almeida de Costela;MS;2022-08-02 16:42:56
231;231;Anthony Gabriel Cunha;marianamoreira@example.net;Moraes de Guerra;AP;2024-11-20 06:27:50
232;232;Levi da Rosa;imendes@example.net;Sousa dos Dourados;MS;2023-08-19 23:16:15
233;233;Maria Vitória Pereira;sabrinafogaca@example.org;Viana do Norte;RN;2021-07-21 09:07:15
234;234;Esther da Costa;fvargas@example.net;Souza;SE;2024-09-19 12:27:42
235;235;Théo Albuquerque;mendestheo@example.com;Azevedo de Cirino;GO;2022-02-23 08:45:45
236;236;Sra. Zoe das Neves;ccosta@example.com;Mendonça;CE;2020-11-29 01:41:02
237;237;Isadora Lopes;bfernandes@example.com;Gomes;SP;2021-06-16 02:36:05
238;238;Alícia Camargo;lorenzoazevedo@example.com;Marques;RS;2020-12-18 05:48:51
239;239;Dr. Gael Gonçalves;wmontenegro@example.org;Pastor;BA;2021-01-04 08:02:37
240;240;Mariana Dias;luiz-henrique84@example.net;Oliveira da Serra;PR;2025-02-06 07:31:14
241;241;Henry Gabriel Silveira;juliasiqueira@example.com;da Mota;AP;2023-07-30 18:05:47
242;242;Dra. Isis Cardoso;cfonseca@example.com;Aragão;SC;2021-06-21 01:09:17
243;243;Ana Liz Cavalcante;maiteaparecida@example.org;Pacheco do Galho;GO;2022-10-15 10:24:59
244;244;Luiz Otávio Sá;daniela25@example.org;Azevedo;SP;2022-06-10 05:32:30
245;245;Lucas Abreu;pedrocamara@example.com;Pinto de Vargas;PA;2023-02-25 00:06:27
246;246;Davi Lucca Ramos;cavalcantiravy@example.com;Castro;MA;2023-05-30 07:33:02
247;247;Vitória Lopes;hgoncalves@example.com;Casa Grande;MT;2023-08-24 15:45:32
248;248;Guilherme Montenegro;fogacaluiz-miguel@example.org;Cavalcanti;PB;2023-05-01 21:22:36
249;249;Srta. Luana Cirino;alexiavasconcelos@example.org;Camargo;CE;2024-06-04 22:23:47
250;250;Thomas Casa Grande;alicesa@example.com;Leão de Garcia;DF;2022-09-14 19:27:11
251;251;Olívia Vasconcelos;cassianoalexandre@example.org;Aparecida;CE;2022-12-13 16:27:06
252;252;Bella Siqueira;mirella70@example.org;Lopes;SC;2024-02-28 08:03:42
253;253;Amanda Moreira;pimentaagatha@example.org;Freitas;AL;2021-03-11 03:42:25
254;254;Vinicius Macedo;oda-mota@example.com;da Conceição das Flores;RN;2024-07-28 21:34:39
255;255;Sr. Henrique da Rocha;mda-mata@example.net;Vargas de Teixeira;CE;2021-06-27 11:01:09
256;256;Guilherme Albuquerque;alicia69@example.com;da Mata de Goiás;RS;2025-02-28 04:51:15
257;257;Caroline Castro;emanuelcarvalho@example.net;Dias de Goiás;MG;2023-03-25 16:15:27
258;258;Valentim Garcia;da-cruzigor@example.com;da Mata do Amparo;SC;2024-04-01 04:17:09
259;259;Gustavo Henrique Costa;sayago@example.net;Silveira do Norte;RO;2021-04-22 11:35:08
260;260;Maria Sá;gael-henriquecamargo@example.net;Silva;GO;2024-03-14 01:13:41
261;261;Bernardo Moura;alexiacaldeira@example.com;Pires do Norte;RS;2021-09-27 23:02:27
262;262;João Miguel Pires;guilhermemacedo@example.net;Cirino;PA;2024-06-08 19:52:48
263;263;Sophia Casa Grande;isabella98@example.com;Cunha;ES;2025-07-24 21:51:44
264;264;Nathan Barros;caroline16@example.org;Ramos Verde;PE;2025-08-17 22:54:48
265;265;Joana Duarte;diasarthur@example.org;Aragão do Norte;PR;2021-01-09 14:30:03
266;266;Isaque Cirino;ferreirapedro-miguel@example.com;Vieira;BA;2023-05-10 04:26:51
267;267;Melina Barbosa;rochamanuella@example.net;Ribeiro;TO;2020-11-08 07:59:50
268;268;Dante Pacheco;maria-clarasilva@example.com;da Mata das Pedras;CE;2020-09-08 05:38:16
269;269;Laura Pereira;nunesdom@example.com;da Costa;BA;2021-02-16 13:28:15
270;270;Cecília Rios;yvieira@example.org;Rezende do Galho;MG;2023-11-26 00:27:49
271;271;Josué Vargas;lfreitas@example.com;Lopes Verde;AM;2022-03-07 14:34:48
272;272;Luana Ribeiro;isa@example.net;Cavalcante da Praia;MT;2020-09-05 07:17:14
273;273;Sabrina Rios;nunesdavi@example.com;Guerra;MT;2022-05-13 00:26:02
274;274;Joaquim Sales;ofogaca@example.com;da Cunha;PA;2023-09-10 12:36:58
275;275;Maria Luísa Teixeira;vicente15@example.com;Moraes Alegre;SE;2022-10-20 04:43:59
276;276;Vicente Sousa;caraujo@example.com;Guerra;ES;2020-10-13 19:41:44
277;277;Liz Moraes;davi-luiz52@example.com;Albuquerque da Serra;AL;2024-02-27 12:26:05
278;278;Josué Silveira;sda-costa@example.com;Costela de Barbosa;AM;2020-10-23 04:57:15
279;279;Ana Clara Sampaio;dpereira@example.org;Fernandes do Galho;TO;2021-07-13 19:16:35
280;280;Eloah Moreira;mferreira@example.org;Pereira;RS;2023-08-12 16:08:57
281;281;Larissa Novais;maitepires@example.com;Cirino;MG;2021-02-20 19:33:45
282;282;Maria Julia Ramos;jribeiro@example.com;Silveira de Lopes;MA;2021-08-10 20:48:54
283;283;Dr. Francisco Costela;lda-luz@example.com;Montenegro da Mata;AM;2024-07-13 05:20:29
284;284;Ísis Moraes;dduarte@example.net;Martins;SC;2024-08-18 14:51:26
285;285;Caroline da Rosa;pimentabenicio@example.org;Fernandes;PR;2022-07-16 15:15:22
286;286;Valentina Garcia;montenegromanuella@example.org;Machado;RR;2024-08-19 11:33:44
287;287;Igor Moreira;mayacorreia@example.net;Peixoto;RR;2023-08-22 11:14:17
288;288;Milena da Mota;joao-miguelda-rocha@example.net;Cassiano do Campo;AP;2024-09-21 03:06:56
289;289;João Pedro Borges;nsousa@example.org;Rocha do Campo;MA;2023-09-01 21:59:12
290;290;Maria Cecília Vieira;apollo90@example.net;Alves Verde;MT;2025-01-08 13:05:06
291;291;Cecília Alves;maitemontenegro@example.org;Monteiro;CE;2023-12-26 05:36:31
292;292;Lívia Costela;maria-clara20@example.net;Rios;PE;2023-03-23 23:46:05
293;293;Thiago Moreira;noaharagao@example.com;Nogueira da Prata;PB;2022-11-19 08:13:32
294;294;Maria Isis Sousa;maria-clarafogaca@example.net;Farias;AL;2024-03-23 11:12:39
295;295;Beatriz Pereira;muriloaraujo@example.net;Carvalho Alegre;PE;2025-05-01 10:19:04
296;296;Luiz Gustavo Câmara;brenda36@example.net;Costa;MA;2023-01-11 10:19:23
297;297;Clarice Moreira;macedojoao-miguel@example.com;Sampaio;GO;2020-10-05 06:21:24
298;298;Maria Júlia Alves;sfarias@example.com;Nunes;MG;2022-11-10 03:29:10
299;299;Maria Sophia Cirino;freitasotavio@example.com;Jesus;DF;2022-09-08 05:08:48
300;300;Nicole Freitas;costalaura@example.net;da Mota;PB;2021-12-26 03:55:02
301;301;Thomas Camargo;sofiaguerra@example.net;da Cunha;TO;2024-08-03 03:13:35
302;302;Luna Aparecida;aylla17@example.org;Campos da Mata;SC;2025-04-02 10:09:40
303;303;Alícia Cassiano;natalia59@example.org;Campos de Campos;MS;2021-02-11 08:57:00
304;304;Dra. Maria Helena Gomes;vieirahenry-gabriel@example.net;da Paz;RS;2021-03-23 07:41:05
305;305;Benício Monteiro;costaapollo@example.com;Mendonça do Oeste;CE;2023-05-19 15:22:37
306;306;Isabella Silveira;jesusgabrielly@example.net;Peixoto;MT;2024-02-28 19:31:52
307;307;Maria Ribeiro;hnascimento@example.org;Macedo;PB;2021-05-31 22:53:36
308;308;Davi Luiz da Luz;andre89@example.com;Camargo;PE;2022-07-21 01:20:00
309;309;Evelyn Camargo;joao-pedro97@example.net;Almeida;MA;2021-05-07 13:50:51
310;310;Sr. Caleb Souza;carvalhomariah@example.com;da Mota;AM;2024-03-04 07:06:29
311;311;Sr. Kaique Marques;pereiraana-cecilia@example.net;Carvalho;AL;2022-10-23 06:11:11
312;312;Mirella Peixoto;pachecobruno@example.com;Guerra do Oeste;ES;2022-06-25 17:35:59
313;313;Bianca Garcia;albuquerquebenjamim@example.net;Martins;MG;2023-11-13 04:32:33
314;314;Sra. Maria da Mota;casa-grandemaria-sophia@example.net;Carvalho;SP;2023-04-09 00:39:23
315;315;Srta. Alícia Porto;ferreiramarcela@example.net;Casa Grande Verde;MG;2021-05-02 08:09:19
316;316;Bryan Ribeiro;costelastella@example.net;Cassiano;RR;2021-12-01 08:31:13
317;317;Oliver Andrade;calebnogueira@example.net;Sousa;RJ;2022-11-30 19:27:25
318;318;Enzo Gabriel Teixeira;ottofonseca@example.com;Cassiano;MS;2024-07-27 20:30:30
319;319;Otávio Cavalcante;vitorpacheco@example.net;Fonseca de Fonseca;RR;2021-06-20 14:13:33
320;320;Melina Novaes;da-costaluigi@example.org;Sousa;GO;2021-07-29 19:17:14
321;321;Anthony Carvalho;martinsanthony@example.org;Cardoso;AP;2020-10-25 15:55:26
322;322;Sra. Ana Clara da Cunha;heloisa75@example.org;Nunes;PB;2021-11-10 08:59:41
323;323;Otto Ribeiro;lnovais@example.net;das Neves;PE;2024-07-24 10:44:23
324;324;Daniela Monteiro;umachado@example.net;Araújo;MG;2024-11-23 14:12:05
325;325;Maysa Rios;kevinpinto@example.com;Cunha;SP;2021-07-25 04:24:17
326;326;Bruna Costa;maria-sophialima@example.org;Gonçalves;RO;2022-03-02 17:26:01
327;327;Gael Henrique Rocha;raquel47@example.com;Novais do Oeste;MS;2024-11-08 09:57:55
328;328;Francisco Costela;isiscampos@example.org;Oliveira Paulista;SE;2024-06-13 16:01:01
329;329;Hadassa Novaes;ribeiroluiz-fernando@example.net;da Cunha Paulista;GO;2025-05-15 03:14:56
330;330;Luan Rezende;emillyviana@example.org;das Neves Grande;AM;2023-08-30 23:26:26
331;331;Maria Luísa Peixoto;vitor-hugo51@example.org;Brito;CE;2024-08-28 10:38:59
332;332;Gael Brito;arthur74@example.com;Borges de Oliveira;SE;2021-06-04 13:48:14
333;333;Alícia Araújo;beatriz58@example.net;Rocha Verde;RR;2023-02-04 03:07:17
334;334;Agatha Marques;manuellaazevedo@example.org;Melo;AC;2021-07-27 23:17:33
335;335;Cecilia Monteiro;emanuelmacedo@example.com;Silveira de Ramos;RO;2021-06-14 14:38:21
336;336;Ágatha Moreira;oliver58@example.org;Garcia;PR;2022-04-25 06:57:22
337;337;Sra. Rebeca Santos;asafe49@example.net;Sampaio de Minas;AM;2023-03-28 12:06:38
338;338;Nicolas Borges;yuri64@example.org;Oliveira do Galho;PI;2024-11-02 10:42:12
339;339;Dra. Raquel Marques;aparecidamaria-flor@example.org;Freitas de Fernandes;AC;2021-07-20 01:52:41
340;340;Maria Julia Martins;sdas-neves@example.net;Aparecida de Melo;SC;2021-06-18 04:03:02
341;341;José Pedro da Cruz;viniciussales@example.com;da Cunha;SP;2025-07-23 07:55:36
342;342;Amanda Aparecida;bsantos@example.com;Nunes de Goiás;PR;2021-12-16 00:24:29
343;343;Julia Rodrigues;emendonca@example.org;Ferreira do Sul;MT;2024-01-27 12:57:17
344;344;Sra. Alexia Gonçalves;yancorreia@example.org;Ramos;AC;2022-01-15 23:51:37
345;345;Luiz Gustavo Viana;luiz-felipe83@example.org;Garcia;AC;2021-04-25 20:41:05
346;346;Theodoro da Costa;aliciamoura@example.org;Campos;PA;2025-04-26 03:39:25
347;347;Joana Fonseca;wcostela@example.org;Vargas;RO;2022-12-01 09:50:10
348;348;Sra. Luna Gonçalves;ncassiano@example.org;Lima das Pedras;RR;2023-05-22 20:24:12
349;349;Vitória Siqueira;barbosaelisa@example.net;Moura das Pedras;PR;2021-01-07 07:28:48
350;350;Júlia Garcia;ian71@example.com;Sousa do Galho;AM;2020-12-30 15:18:34
351;351;Yan Moreira;lorenzovasconcelos@example.net;Sá do Galho;AM;2021-09-02 13:29:28
352;352;Lucas Gabriel Abreu;tnovais@example.com;Correia;CE;2023-01-20 15:49:10
353;353;Vitor Gabriel Araújo;stella32@example.com;Novaes Verde;SC;2025-04-29 17:48:54
354;354;Dr. Otto Dias;calebe98@example.org;Fonseca dos Dourados;TO;2021-10-06 06:53:11
355;355;Dr. Luiz Otávio Vargas;gsales@example.net;Leão de Carvalho;CE;2021-12-29 10:43:59
356;356;Benjamim Melo;renan64@example.org;Martins dos Dourados;GO;2022-12-14 13:39:13
357;357;Emanuella Lima;rochaana-clara@example.com;Casa Grande de Campos;BA;2023-03-26 08:38:57
358;358;Isadora Ramos;isabelandrade@example.com;Aparecida;BA;2021-11-29 06:11:52
359;359;Eloah Porto;das-nevesmaria-liz@example.org;Lopes;ES;2021-02-28 03:47:17
360;360;Yago Cirino;lda-rocha@example.net;Azevedo da Serra;CE;2022-08-27 11:15:34
361;361;Apollo Cardoso;isispastor@example.net;Nascimento;RN;2023-09-30 17:47:31
362;362;Luiz Fernando Barros;benicio17@example.net;Costela do Sul;AC;2022-05-19 16:12:12
363;363;Ísis Costela;jduarte@example.net;Marques da Praia;SE;2025-07-01 11:41:57
364;364;Emilly Costa;tgarcia@example.com;Fogaça de Mendes;PR;2025-07-17 17:58:36
365;365;Juliana Alves;iabreu@example.net;Garcia Paulista;PR;2021-05-04 05:29:52
366;366;Dr. Oliver Moreira;joao74@example.org;Rodrigues;RJ;2023-02-11 18:22:44
367;367;Dra. Bella da Rosa;elisa39@example.org;Nascimento de da Costa;AP;2023-09-02 21:40:50
368;368;Catarina Sá;maria-liz67@example.com;Machado;DF;2022-06-19 14:22:19
369;369;Valentim Marques;lucca06@example.net;Viana dos Dourados;SE;2023-05-04 19:01:46
370;370;Lucas Gabriel Lopes;mariada-luz@example.org;Brito;PE;2024-08-11 03:22:13
371;371;Sra. Zoe Machado;dmonteiro@example.net;Pereira;RJ;2024-02-17 11:38:35
372;372;Enrico Almeida;lucas-gabrielcamara@example.org;Vasconcelos Paulista;BA;2025-01-25 03:15:40
373;373;Mateus da Mota;sarah98@example.com;Cirino da Mata;MG;2025-03-14 08:53:47
374;374;Dra. Ágatha Lopes;lunapastor@example.org;Viana do Sul;SE;2023-09-22 21:50:14
375;375;Breno Campos;alanaoliveira@example.org;Alves;MG;2022-06-29 12:00:47
376;376;Luara Camargo;joaofreitas@example.com;Moreira de Gonçalves;GO;2021-09-30 17:23:01
377;377;Ravi Araújo;ylopes@example.org;Rocha;PA;2023-08-25 01:40:17
378;378;Lucas Gabriel Pereira;da-cruzbella@example.net;Novais;PI;2022-03-23 04:25:28
379;379;Asafe Silva;ana-laura82@example.net;Macedo;CE;2022-02-28 10:39:57
380;380;Rafaela Moura;da-rosagabrielly@example.org;Cirino de Rocha;ES;2025-08-15 22:20:12
381;381;Yan da Conceição;mda-costa@example.net;Alves das Flores;PR;2025-05-21 21:22:51
382;382;Juliana da Costa;heloisaalbuquerque@example.net;Cassiano Alegre;MT;2021-05-01 11:48:48
383;383;Caroline Teixeira;paulo54@example.org;Dias do Oeste;PI;2023-02-28 03:26:39
384;384;Maitê Peixoto;davi13@example.net;Cavalcanti das Flores;SC;2020-12-14 04:07:33
385;385;Theodoro Casa Grande;martinsgael@example.net;Cardoso do Amparo;MT;2024-08-03 14:09:57
386;386;Sofia Sales;ramospedro-henrique@example.com;Ribeiro;AP;2023-08-31 22:32:04
387;387;Erick Vargas;ryanda-rosa@example.org;Cassiano;PE;2025-07-20 08:29:19
388;388;Maria Júlia Campos;jda-rosa@example.org;Lopes das Pedras;DF;2024-04-07 06:57:39
389;389;Pietra Sá;zsouza@example.net;Cavalcante do Galho;SP;2025-04-18 17:06:23
390;390;Isis Alves;kmontenegro@example.org;Sales das Pedras;PR;2025-03-12 18:57:18
391;391;Lorenzo Siqueira;vsales@example.net;Guerra;AP;2023-09-20 00:32:03
392;392;Dr. Daniel Fernandes;xdas-neves@example.com;Novais de Goiás;MT;2020-11-02 17:34:25
393;393;Fernanda da Luz;antonella27@example.com;Borges;PB;2025-02-22 14:42:01
394;394;Maria Jesus;gmarques@example.net;Mendonça Paulista;RJ;2024-09-09 08:01:29
395;395;Luiz Fernando Campos;maria-isisfonseca@example.org;Peixoto;TO;2025-06-18 19:10:58
396;396;Sra. Fernanda Machado;ana-clara31@example.net;Silva;MG;2022-08-31 14:51:06
397;397;Nicolas Fernandes;ana-liz05@example.com;Melo;SC;2021-03-08 16:07:55
398;398;Carolina Pereira;fcavalcanti@example.com;Mendes de Borges;BA;2024-08-03 13:57:44
399;399;Alexia Cardoso;julia53@example.net;Pinto;SP;2025-06-21 07:08:06
400;400;Dr. Cauê Leão;manuellaalmeida@example.net;Rocha Alegre;AP;2020-12-13 17:35:03
401;401;Carolina Santos;milena32@example.net;Silveira da Prata;SE;2024-03-30 08:48:33
402;402;Sra. Isadora Montenegro;gomesyago@example.com;Macedo;RO;2021-04-16 10:39:24
403;403;Isabel Ferreira;xnascimento@example.org;Barros;PI;2021-12-05 07:29:05
404;404;Joaquim Araújo;pedro-henriqueleao@example.com;Campos do Norte;AP;2024-08-27 04:46:27
405;405;Nathan Peixoto;xalves@example.net;Guerra;PR;2021-11-05 20:29:29
406;406;Júlia Fernandes;enricogarcia@example.net;Nascimento de Costela;SC;2020-11-12 09:31:11
407;407;Paulo Campos;lorena93@example.net;Alves;RN;2022-01-05 17:16:41
408;408;Maria Júlia Silva;cmartins@example.org;Caldeira da Serra;BA;2022-12-25 04:58:56
409;409;Cauê Cavalcanti;maria-clara25@example.org;Correia;ES;2022-09-26 19:11:07
410;410;Eloah da Rocha;matteo43@example.com;da Mota do Oeste;MS;2024-10-22 13:22:10
411;411;Sr. Theo Ferreira;muriloazevedo@example.com;Pinto da Serra;MS;2024-08-19 09:29:21
412;412;Manuella Moraes;andradeantonio@example.org;Pimenta do Campo;CE;2024-04-21 01:58:34
413;413;Benicio da Paz;maria-sophia87@example.com;Araújo;SP;2024-09-21 09:34:35
414;414;Vinícius Souza;vitor70@example.net;Martins do Galho;PA;2023-07-02 18:43:45
415;415;Joana Vargas;xgoncalves@example.org;Sá da Praia;BA;2023-07-24 17:00:01
416;416;Ana Beatriz Teixeira;novaisagatha@example.org;Sousa do Galho;MA;2023-04-15 00:39:44
417;417;Maria Luiza Alves;sophie95@example.org;Moraes das Flores;CE;2022-09-21 14:18:53
418;418;Dra. Aylla Campos;esther64@example.net;Porto;PE;2024-07-07 03:41:52
419;419;Maria Julia Porto;lalbuquerque@example.com;Sá;DF;2020-11-04 17:30:07
420;420;Gabriel Novaes;xalbuquerque@example.com;Teixeira;TO;2025-07-02 01:25:01
421;421;Sr. Emanuel Pimenta;psa@example.org;Mendonça;MT;2022-05-15 23:21:11
422;422;Sr. Henrique Farias;anthony-gabriel07@example.net;Monteiro;AM;2021-06-09 06:22:57
423;423;Alícia da Mota;psilveira@example.com;da Conceição;MS;2022-05-23 15:31:46
424;424;Melissa Dias;da-cunhalucca@example.com;Freitas de Minas;PI;2021-12-14 01:30:41
425;425;Dr. João Vitor Costela;larissacostela@example.net;Caldeira;MS;2023-02-07 06:58:19
426;426;Leonardo Nunes;pachecoana-livia@example.net;Viana das Flores;SC;2022-07-21 09:00:30
427;427;Bruno Pereira;ana-liviacavalcanti@example.org;Mendonça do Amparo;BA;2020-12-28 17:33:56
428;428;André Duarte;calves@example.com;Rios;MS;2025-04-29 18:43:50
429;429;Lívia da Rocha;sgomes@example.net;da Costa;PB;2020-12-24 08:55:38
430;430;Sr. Nicolas da Luz;larissa63@example.net;Martins;AM;2022-04-27 22:48:01
431;431;Maria Flor Mendonça;maria-laura89@example.net;Rodrigues da Praia;MG;2022-09-19 12:20:35
432;432;Luiz Otávio Mendes;isabella55@example.com;Guerra do Campo;MT;2025-02-21 20:35:52
433;433;Dr. Anthony da Rocha;isabelmartins@example.net;Brito do Galho;DF;2022-09-05 20:50:17
434;434;Thomas da Rocha;casa-grandesamuel@example.com;Lopes;AM;2022-11-30 03:03:58
435;435;Ana Julia Marques;vda-mata@example.net;Montenegro;RR;2021-07-18 04:29:50
436;436;Valentim Freitas;otto00@example.net;Campos;RN;2024-06-27 21:12:29
437;437;Dra. Antonella Cavalcanti;eda-mata@example.org;Freitas;MA;2021-07-07 16:50:35
438;438;Luiz Otávio Moura;duartetheodoro@example.net;Siqueira;ES;2024-04-09 01:48:06
439;439;Leandro Cirino;isabellada-cruz@example.net;Correia;ES;2023-02-13 14:18:49
440;440;Luiz Fernando Rios;fda-mata@example.net;Nunes;DF;2022-01-11 22:14:01
441;441;Bruno Melo;emanuella62@example.net;Camargo;PA;2025-08-13 09:45:24
442;442;Gael Henrique Cunha;rebeca40@example.net;Viana;PE;2025-01-03 07:37:33
443;443;Dr. Theo Mendonça;novaesluara@example.org;da Paz de Carvalho;RO;2025-09-02 01:41:08
444;444;Ísis Barbosa;luanada-rocha@example.org;Camargo;ES;2024-05-08 08:30:08
445;445;Sra. Maria Sophia Viana;nunesjoao-gabriel@example.org;Casa Grande de Andrade;PR;2023-02-21 06:48:13
446;446;Agatha Sousa;nsantos@example.net;Correia;MG;2025-06-17 03:15:46
447;447;Lavínia Rios;pintojulia@example.net;Sá;CE;2021-06-02 02:41:20
448;448;Otto Rios;nda-costa@example.org;da Rocha;DF;2025-01-22 23:56:21
449;449;Eduarda Albuquerque;mariane02@example.com;Caldeira Paulista;TO;2023-04-19 01:37:51
450;450;Ryan Casa Grande;qalbuquerque@example.org;Fogaça;MA;2023-12-21 18:08:46
451;451;Benjamim da Rocha;caua15@example.net;Araújo;MS;2022-11-07 23:24:56
452;452;Cecília Rocha;vargasmateus@example.org;Pereira das Flores;MT;2021-09-12 07:51:59
453;453;Matheus Nascimento;rsantos@example.com;Macedo do Amparo;AL;2022-07-16 11:19:49
454;454;Luigi Rodrigues;evelyndas-neves@example.org;Caldeira de Minas;CE;2022-06-09 14:11:29
455;455;Ana Clara Lopes;msilveira@example.com;Gomes;AM;2025-05-29 06:38:54
456;456;José Miguel Almeida;ynunes@example.org;Silveira;PA;2025-07-31 19:31:25
457;457;Igor Pinto;joaopires@example.com;Pimenta Paulista;AM;2025-05-15 17:29:12
458;458;Sr. Augusto Guerra;livia04@example.org;Abreu;AL;2021-01-29 00:28:06
459;459;Nicolas Marques;isabellafreitas@example.org;Monteiro de da Paz;MS;2022-04-18 16:52:37
460;460;Bento Moreira;nicolassales@example.org;Mendonça;RR;2023-08-09 08:23:50
461;461;Dr. Vinicius Pimenta;olopes@example.org;Carvalho Paulista;ES;2021-11-16 07:06:19
462;462;Mathias Pastor;manuela36@example.org;da Paz de Minas;CE;2021-11-27 14:24:32
463;463;Melina Cavalcante;kpeixoto@example.net;Fonseca Alegre;MA;2023-11-03 11:29:12
464;464;Ana Beatriz Cassiano;luara22@example.net;da Conceição do Amparo;AM;2022-08-22 02:06:06
465;465;Matteo Rodrigues;kda-cruz@example.org;Fernandes;RO;2024-06-16 18:12:22
466;466;João Lucas Cirino;kaiquesousa@example.com;Sá;MG;2024-02-08 10:11:25
467;467;Erick da Paz;alicia29@example.com;Fonseca das Pedras;SC;2025-03-01 00:39:05
468;468;Isabella Cardoso;lizmachado@example.net;Cirino;AC;2024-12-11 20:17:34
469;469;Liam Correia;garciaana-beatriz@example.org;Freitas;MG;2024-01-17 19:56:55
470;470;Letícia Nunes;isaquevargas@example.net;da Conceição;SE;2020-11-24 23:52:37
471;471;Raul Duarte;mmoreira@example.org;Caldeira de Cavalcanti;RR;2022-09-16 21:21:14
472;472;Hadassa Lopes;eda-rosa@example.net;da Rocha;SE;2024-03-30 09:46:16
473;473;Agatha Pereira;dguerra@example.com;Sales de Sampaio;MS;2025-07-06 17:40:08
474;474;Maria Cecília Leão;calebe70@example.net;Monteiro do Norte;ES;2022-09-16 08:16:32
475;475;Cecilia Castro;marianejesus@example.net;Jesus de Cassiano;ES;2020-09-21 23:28:17
476;476;Hadassa Mendes;raquelcorreia@example.org;Camargo de Rodrigues;PE;2025-04-11 10:51:59
477;477;Otto Mendonça;silveirasabrina@example.com;Vasconcelos;AC;2024-08-08 13:48:39
478;478;Yan Duarte;joao-guilhermecunha@example.org;da Luz;GO;2023-04-20 07:06:31
479;479;Noah Cavalcanti;tcassiano@example.com;Farias de Alves;MT;2023-05-14 07:49:25
480;480;Clara Leão;nteixeira@example.org;Câmara das Pedras;RS;2021-11-27 13:49:41
481;481;Emanuelly da Mota;maria-clarada-conceicao@example.net;Sampaio da Mata;AM;2025-04-16 22:02:11
482;482;Felipe Rocha;sarah43@example.net;Ribeiro;CE;2022-03-23 04:58:36
483;483;Leonardo da Mota;uviana@example.org;da Cunha;GO;2024-05-08 11:25:42
484;484;Antônio Silveira;nathan52@example.com;Peixoto;CE;2022-10-17 10:38:53
485;485;Matheus Marques;mendesvitoria@example.org;Machado;RO;2021-08-07 12:37:03
486;486;Liam Fonseca;wda-cunha@example.net;Pimenta do Norte;PB;2024-05-03 04:01:37
487;487;Erick Abreu;joao-miguellima@example.org;Novaes;AL;2024-07-07 06:25:26
488;488;Sra. Mirella Gomes;peixotoolivia@example.net;Castro Paulista;ES;2025-07-07 05:59:05
489;489;Esther Souza;pietro87@example.org;Lima Alegre;RJ;2024-09-03 15:04:28
490;490;Gabriel Vieira;kramos@example.org;da Costa Verde;PE;2024-08-15 23:06:49
491;491;Nicolas Santos;macedomaria-liz@example.net;Martins Verde;ES;2025-07-17 09:13:27
492;492;Alexandre Novais;anthonyda-mota@example.net;da Mata;RO;2021-06-17 22:22:22
493;493;Ryan da Luz;costaravi-lucca@example.net;Sales de Aparecida;SC;2025-03-05 00:06:34
494;494;Mathias Vargas;vitoriavargas@example.org;da Mata da Praia;DF;2023-12-23 12:50:30
495;495;Gustavo Henrique da Costa;luiz-gustavo44@example.net;Monteiro Paulista;DF;2021-02-25 14:03:56
496;496;Isabel Viana;sampaioester@example.com;Santos de das Neves;SP;2022-12-10 04:24:15
497;497;Pedro Macedo;rochabruna@example.org;Cirino;BA;2024-10-01 22:18:26
498;498;Heloisa Barbosa;luiz-henrique14@example.org;Rodrigues;MT;2022-11-18 20:22:33
499;499;Natália da Conceição;gustavo69@example.org;da Rosa;AM;2024-01-27 05:04:36
500;500;Sra. Ana Vitória Rodrigues;noah40@example.org;das Neves;SC;2021-11-26 17:10:09
501;501;Thiago Alves;maria-julia91@example.net;Gomes do Galho;SE;2021-06-27 04:25:20
502;502;Daniel Machado;bianca60@example.net;Sampaio;RN;2022-08-23 03:46:48
503;503;Cecília Costela;augusto76@example.org;Pimenta das Flores;SP;2024-10-16 02:06:39
504;504;Benjamin Novais;kevinmachado@example.com;Ramos;BA;2023-04-10 19:00:42
505;505;Rodrigo Guerra;helena54@example.net;Oliveira;AP;2022-01-05 08:25:42
506;506;Calebe Novais;onovaes@example.net;Borges Paulista;MS;2021-03-07 15:39:56
507;507;Caio Cardoso;eloanunes@example.net;Lima Alegre;MT;2020-09-05 21:45:12
508;508;Letícia Ramos;samuelnogueira@example.org;Câmara;PI;2024-04-19 08:16:59
509;509;Olívia Jesus;eduardo92@example.net;Moraes;GO;2024-03-31 06:06:30
510;510;Davi Albuquerque;silvamiguel@example.net;Mendonça de da Costa;AP;2025-04-01 00:20:11
511;511;Carolina Cassiano;ferreiranina@example.com;Costela de Cunha;MG;2021-09-11 14:07:33
512;512;Murilo Gomes;enricopires@example.org;Correia da Prata;AP;2025-08-09 02:51:55
513;513;Pietro Barros;lucas56@example.net;Machado;AL;2025-01-12 15:30:27
514;514;Isabelly Cavalcanti;ccamargo@example.org;Carvalho;RN;2025-08-10 09:54:32
515;515;Henrique Silva;gael-henriquecavalcanti@example.org;Montenegro;TO;2024-06-12 06:26:15
516;516;Larissa Aparecida;rodriguesjoao-guilherme@example.com;Fogaça do Amparo;RJ;2023-05-07 01:31:06
517;517;Dr. Bento Pinto;lucas-gabriel06@example.com;Santos;AC;2022-06-30 21:38:18
518;518;Dra. Isadora Abreu;maiteda-luz@example.com;Casa Grande;MA;2024-09-02 09:42:00
519;519;Alice Costela;ravyda-cunha@example.org;da Cruz da Praia;GO;2024-02-08 16:24:26
520;520;Ester Nunes;garciajoaquim@example.com;da Rocha;SC;2023-04-14 15:03:34
521;521;Raquel Casa Grande;abrito@example.com;Ramos do Campo;RJ;2021-10-01 06:04:28
522;522;Sarah Andrade;davi-lucca30@example.com;Nunes;MS;2024-05-11 18:16:03
523;523;Srta. Hadassa Sousa;maria-fernandaguerra@example.org;Ramos de Silva;AM;2022-02-13 18:26:00
524;524;Diogo Mendonça;maysaribeiro@example.com;Ferreira;RS;2025-06-13 10:10:37
525;525;Lucas Borges;aparecidavalentim@example.org;Barros de Araújo;PB;2021-02-07 15:03:46
526;526;Alícia Novais;camaraana-livia@example.org;Sales de Fogaça;AP;2024-07-18 00:26:53
527;527;Maria Julia Camargo;marinada-paz@example.com;Santos do Norte;PR;2023-06-08 11:44:06
528;528;Dr. Arthur Pereira;vbarros@example.com;Fernandes;RN;2022-08-10 11:04:28
529;529;Apollo Cunha;jesusmaria-clara@example.net;Vieira;PA;2022-07-18 00:41:49
530;530;Ravi Lucca Peixoto;valentina84@example.org;Moreira Paulista;MS;2020-12-20 20:11:22
531;531;Aylla Borges;silvaluiz-felipe@example.org;Jesus;AL;2023-01-20 04:28:16
532;532;Arthur Miguel Costa;pintoana-julia@example.net;Dias da Praia;SE;2024-08-03 17:56:00
533;533;Ayla Correia;theosiqueira@example.com;Pires;SP;2021-07-13 02:59:53
534;534;Diogo Fonseca;cunhaguilherme@example.com;Fogaça de Ribeiro;AL;2021-07-11 23:26:45
535;535;Arthur da Mata;eloahpereira@example.net;Borges;RR;2022-05-06 08:58:23
536;536;João Pedro Silveira;elisamoraes@example.net;Araújo;MG;2024-08-27 04:54:53
537;537;Giovanna Pimenta;gdias@example.org;Moreira;PI;2024-08-01 23:33:51
538;538;Léo Nunes;alice70@example.org;Castro;PR;2021-02-22 20:01:03
539;539;Marina Brito;lorenzo03@example.com;Ferreira;TO;2021-01-24 15:31:18
540;540;Pedro Henrique Novais;monteiromanuella@example.com;Gomes de Rezende;AP;2024-05-12 15:15:58
541;541;Davi Brito;silvaluiz-miguel@example.net;Correia;PA;2022-11-29 18:53:18
542;542;Brenda Aparecida;da-matarenan@example.net;Andrade da Mata;AM;2024-01-27 18:42:38
543;543;Dra. Anna Liz Teixeira;gvasconcelos@example.com;Rocha;MA;2022-01-20 16:09:20
544;544;Marcela Barros;lguerra@example.com;Nogueira de Goiás;AC;2021-02-14 12:25:36
545;545;Bernardo da Rosa;caua12@example.com;Nunes;SP;2020-11-18 15:39:02
546;546;Benicio Rocha;stephanygoncalves@example.net;Barbosa;MG;2022-06-02 12:56:13
547;547;Manuela Santos;nunesbryan@example.org;Oliveira;PA;2024-06-14 17:31:52
548;548;Lívia Aparecida;sarafernandes@example.com;Pinto Verde;CE;2023-02-06 23:57:09
549;549;Dom Nunes;gda-mata@example.net;da Rocha;GO;2023-12-08 03:41:43
550;550;Enrico Siqueira;bcardoso@example.net;Castro;RR;2021-10-25 00:34:08
551;551;Ana Júlia Fernandes;hpires@example.org;Pires da Praia;RR;2024-09-18 23:27:42
552;552;Isadora Rios;yan26@example.net;Câmara Grande;AL;2021-12-31 14:59:56
553;553;Paulo Barbosa;joao-vitor03@example.net;Barbosa;SC;2024-01-11 09:19:40
554;554;Erick Vieira;joaquim83@example.net;Almeida;BA;2025-06-01 19:16:20
555;555;Rodrigo Guerra;maiteduarte@example.com;Novaes Verde;DF;2024-12-02 07:20:53
556;556;Bento da Rocha;maria-luisa22@example.org;Martins de Minas;MS;2023-11-17 16:03:40
557;557;Maria Luiza Teixeira;onovais@example.org;Cirino da Prata;MA;2021-05-13 11:49:12
558;558;Davi Luiz Souza;bella69@example.org;Jesus;SE;2021-12-29 19:00:51
559;559;Murilo Silva;jpereira@example.com;Abreu;PR;2022-12-01 10:00:01
560;560;Maysa Freitas;carvalholuna@example.com;Montenegro;MT;2021-11-28 21:11:54
561;561;Antony Casa Grande;smendes@example.net;Farias;SE;2025-07-23 07:58:02
562;562;Leandro Alves;macedomarcos-vinicius@example.org;Dias;AM;2023-04-05 07:02:27
563;563;Dr. Cauê Fonseca;castroyan@example.org;Castro;PI;2023-04-30 06:52:09
564;564;Bruna Aparecida;martinsluan@example.net;da Cruz de Goiás;BA;2025-08-09 00:31:24
565;565;Bento Sales;emanuellamoura@example.net;Viana;BA;2021-07-13 23:48:29
566;566;Sra. Liz Pimenta;barbosacalebe@example.net;Pastor dos Dourados;GO;2023-03-18 13:46:14
567;567;Antony da Rosa;luiz-otavioviana@example.com;Mendes;MS;2023-05-07 16:20:32
568;568;Sr. Pietro Pires;carlos-eduardo01@example.com;Novais;AC;2021-09-09 10:12:19
569;569;Sr. Gustavo Henrique Gomes;gborges@example.com;Santos;MG;2020-11-04 11:15:35
570;570;Dr. Rafael Ramos;zoeramos@example.com;Viana;SP;2023-03-24 08:09:25
571;571;Joaquim Moreira;mendoncapietra@example.net;Andrade de Novaes;SE;2025-06-29 16:53:32
572;572;Ana Carolina Machado;emanuellymoraes@example.com;Aparecida dos Dourados;PI;2021-09-19 11:02:29
573;573;Srta. Alice Cavalcante;joao-vitorcorreia@example.net;Fernandes;MS;2022-05-28 23:11:28
574;574;Isabelly da Luz;vitor-hugocardoso@example.net;Rezende de Sousa;BA;2023-02-10 22:27:51
575;575;Anthony Gabriel Vieira;luiz-fernandofonseca@example.com;Montenegro de Goiás;AL;2024-04-19 09:27:05
576;576;Ana Clara Costela;stephanysantos@example.org;Fonseca;RN;2025-03-17 01:28:40
577;577;Henry Macedo;sbrito@example.com;da Conceição do Campo;RJ;2022-05-15 12:32:37
578;578;Lucas Gabriel Montenegro;upacheco@example.org;Rocha;SP;2025-04-08 13:20:16
579;579;Alícia Fernandes;novaisraquel@example.org;Brito Paulista;SE;2021-10-11 15:19:28
580;580;Melina Mendonça;kevin06@example.com;Vieira;PE;2024-01-16 02:20:35
581;581;Sofia Nunes;fvasconcelos@example.com;Viana de Minas;SC;2023-10-12 07:09:10
582;582;Rhavi Aparecida;juanfarias@example.net;Novaes;MT;2025-03-11 07:28:42
583;583;Bruno Martins;mirellapeixoto@example.org;Fernandes;AL;2025-02-23 01:16:22
584;584;Thales Pastor;scorreia@example.net;Barros;RN;2024-03-18 13:49:03
585;585;Diego Oliveira;amarques@example.org;Freitas Verde;PR;2023-01-02 23:42:05
586;586;Isaque Macedo;josuepimenta@example.com;Caldeira de Monteiro;TO;2024-10-19 21:01:38
587;587;Leonardo Porto;yfarias@example.com;Siqueira;MA;2024-03-23 21:35:20
588;588;Lavínia Casa Grande;anna-liz58@example.org;Vasconcelos;DF;2024-07-06 14:22:41
589;589;Maria Clara da Paz;vitoria92@example.net;Gonçalves Verde;PA;2022-07-29 12:46:33
590;590;Luara da Mata;davi-miguelsilva@example.com;Peixoto de Cavalcanti;ES;2025-01-26 04:59:14
591;591;Marcelo Costa;vicente95@example.org;Gomes;MG;2022-10-05 14:23:55
592;592;Sophia da Mota;emillypeixoto@example.org;Farias;CE;2021-06-26 01:46:08
593;593;Gustavo Henrique Moraes;lucca23@example.org;Sampaio;ES;2023-12-09 17:32:52
594;594;Maria Julia Rodrigues;henry-gabrielfonseca@example.org;Gonçalves do Norte;MG;2022-04-10 02:03:41
595;595;Maria Isis Albuquerque;da-luzsophie@example.org;Cavalcante das Pedras;RN;2020-12-28 15:04:02
596;596;Amanda Costa;mariacarvalho@example.org;Lopes Grande;PI;2021-12-22 05:36:14
597;597;Heitor Sampaio;ubrito@example.net;Borges da Mata;SP;2022-11-07 15:23:09
598;598;Pietro Souza;anada-cruz@example.org;Fernandes da Mata;RR;2021-02-24 16:13:27
599;599;Oliver Porto;qpeixoto@example.com;Albuquerque;AC;2020-10-14 13:39:51
600;600;Juliana Jesus;pedro-henriquemartins@example.com;Mendonça;MA;2020-12-31 15:45:29
601;601;Dr. Heitor da Rocha;danilosales@example.org;Pires;TO;2024-08-15 04:29:22
602;602;Antony Barros;caroline81@example.com;das Neves Verde;PA;2024-10-18 04:42:39
603;603;Milena da Cunha;goncalvesmateus@example.org;das Neves;BA;2023-08-02 04:11:01
604;604;Lucas Dias;isispeixoto@example.com;Almeida de Goiás;AL;2021-12-02 02:58:35
605;605;Olivia Cardoso;cmontenegro@example.net;Santos;RR;2024-03-06 10:53:48
606;606;Alexandre das Neves;mendescalebe@example.net;Cirino;RN;2020-12-25 12:01:21
607;607;Apollo Oliveira;hlopes@example.org;Nunes;AP;2023-03-28 09:57:20
608;608;Gabriela Farias;fernandesmathias@example.net;Araújo;PI;2021-03-21 07:23:51
609;609;Vinícius Brito;esouza@example.com;Lopes;TO;2022-09-11 23:25:23
610;610;Bruno Albuquerque;fogacamaysa@example.net;Albuquerque de Minas;RR;2022-03-16 06:08:41
611;611;Isabella Albuquerque;luisafarias@example.org;Moreira Paulista;DF;2022-12-31 00:13:33
612;612;Sr. Felipe Mendonça;salesmariane@example.com;Novaes do Oeste;RN;2022-06-04 16:39:54
613;613;Srta. Bárbara Araújo;nascimentobryan@example.com;Oliveira das Pedras;BA;2021-10-04 04:33:56
614;614;Arthur Nogueira;xguerra@example.com;da Cunha;AP;2025-07-18 14:00:48
615;615;Mariane Pastor;viniciuscosta@example.net;Ramos das Flores;TO;2022-08-13 17:43:31
616;616;Liz Viana;ravi-luccaaragao@example.com;Mendes de Moura;SC;2022-09-10 04:53:58
617;617;Manuella Montenegro;mazevedo@example.com;Carvalho;RR;2025-01-28 07:04:12
618;618;Dra. Maria Julia Rezende;cirinolunna@example.com;Fogaça do Campo;MG;2020-09-06 18:14:26
619;619;Natália Pereira;yan55@example.com;da Conceição de Goiás;AM;2021-11-15 05:06:47
620;620;José Câmara;cavalcantimaite@example.org;Teixeira;MA;2022-11-06 07:14:30
621;621;Apollo Cunha;portomanuela@example.org;Pereira de Andrade;PB;2022-04-25 14:08:39
622;622;Pietra Siqueira;andremacedo@example.com;Barbosa;PR;2023-06-25 10:38:58
623;623;Dante da Paz;brodrigues@example.org;Alves;AM;2021-05-24 11:31:31
624;624;Brenda Casa Grande;valentimda-mata@example.com;Pastor do Campo;AM;2021-01-02 05:41:37
625;625;Luiza Cavalcanti;camargokevin@example.net;Vieira;MT;2020-12-13 15:08:14
626;626;Levi Mendes;casa-grandealicia@example.org;Duarte das Flores;RS;2023-07-03 04:26:18
627;627;Rhavi Cirino;mateus13@example.org;Gonçalves Alegre;RS;2024-03-25 05:05:36
628;628;Matheus Martins;zmonteiro@example.net;Silveira;PB;2025-05-15 03:10:08
629;629;Maria Sophia Sá;murilo20@example.com;da Cruz da Mata;SE;2025-06-02 02:53:51
630;630;João Vitor Viana;thomas59@example.com;Freitas Grande;RJ;2025-01-06 12:18:37
631;631;Alícia Lima;luiz-fernandodias@example.org;Mendonça do Sul;RO;2025-06-11 12:04:12
632;632;Maria Camargo;azevedoisadora@example.net;da Conceição;MT;2024-02-18 04:03:12
633;633;Bianca Vargas;da-pazapollo@example.com;Farias;BA;2023-03-01 18:00:52
634;634;Dom Rocha;olivia78@example.com;Cassiano Paulista;AC;2022-02-04 21:23:13
635;635;Dante Sá;eduardo08@example.org;Albuquerque do Sul;DF;2023-05-05 20:23:31
636;636;Maitê Marques;maya66@example.net;Guerra Verde;AL;2021-03-09 20:38:21
637;637;Rhavi da Paz;ayllacostela@example.net;Vasconcelos de Goiás;RS;2024-08-13 12:45:50
638;638;Arthur Sampaio;joao-pedronovais@example.org;Marques;AP;2021-06-24 20:00:16
639;639;Dr. Anthony Azevedo;aylasilva@example.net;Rocha da Prata;ES;2022-10-19 13:54:20
640;640;Sr. João Pedro Silveira;henriquerocha@example.net;Pereira de da Cunha;RO;2024-03-20 13:51:46
641;641;Sr. Pietro Teixeira;ada-mota@example.net;da Mata;RJ;2021-05-25 17:51:23
642;642;Joana Aparecida;ribeirohenry@example.com;Fonseca;CE;2024-03-13 05:24:37
643;643;Agatha Barbosa;machadomaria-clara@example.org;Santos da Serra;DF;2020-11-05 10:10:35
644;644;Maya Porto;emoreira@example.org;Nunes de da Cunha;MA;2021-04-26 10:24:45
645;645;Ana Liz da Conceição;thomasfarias@example.com;Costa de Sá;PB;2021-02-12 18:00:01
646;646;Anna Liz Fogaça;costakevin@example.org;da Cruz das Pedras;MT;2023-05-19 08:50:44
647;647;Srta. Hadassa Garcia;maria-cecilia37@example.net;Gonçalves;DF;2021-07-04 08:47:23
648;648;Luiz Gustavo Marques;oalmeida@example.net;Farias;DF;2024-09-16 08:25:22
649;649;Gabrielly Camargo;breno68@example.org;Mendonça das Flores;PR;2021-06-09 18:01:02
650;650;Fernando Abreu;bruna10@example.org;Ferreira do Campo;RS;2022-10-08 23:31:26
651;651;Ayla Nascimento;miguelaraujo@example.com;da Rosa Alegre;MS;2021-12-24 00:06:05
652;652;Heloisa Pires;diegoabreu@example.com;Fernandes;PE;2020-09-13 05:07:56
653;653;Sr. José Fernandes;sarada-luz@example.org;Gonçalves de Goiás;TO;2022-01-04 02:15:20
654;654;Sra. Esther Souza;nferreira@example.com;Fernandes;SP;2020-12-22 14:42:07
655;655;Francisco Rocha;alanacampos@example.org;Almeida;CE;2023-06-11 13:43:59
656;656;André da Costa;novaescatarina@example.com;Lima;RO;2020-11-28 03:28:01
657;657;Luiz Otávio Souza;pedro-henriqueandrade@example.org;da Cunha;AL;2023-03-25 20:44:08
658;658;Raul Moraes;franciscogoncalves@example.org;da Cunha;TO;2025-02-09 19:41:42
659;659;Ana Rios;guerraryan@example.com;Vargas do Campo;AC;2025-06-12 17:16:37
660;660;Yasmin Azevedo;maria-helena76@example.com;Ribeiro;AM;2024-03-24 13:57:21
661;661;Dr. João Felipe Garcia;aurora54@example.com;Novais das Flores;RR;2025-06-18 12:36:20
662;662;Sabrina Sá;nbarros@example.net;Dias;CE;2023-02-25 02:57:22
663;663;Calebe Silveira;hadassa16@example.com;Pastor de da Paz;SC;2023-08-30 22:13:01
664;664;Sra. Maria Julia Porto;kamilly76@example.com;Barbosa de Minas;PB;2021-04-28 15:56:06
665;665;Dr. Arthur Gabriel Nascimento;ravi98@example.com;Fogaça Verde;MG;2024-06-08 03:43:08
666;666;Brenda Fonseca;fernandaribeiro@example.org;Garcia;RR;2021-01-17 21:36:36
667;667;Bento Novaes;salesalexia@example.com;Ferreira;CE;2025-02-21 19:35:02
668;668;Luan Vargas;montenegrogael@example.com;Rodrigues do Sul;TO;2021-11-11 17:52:37
669;669;Melissa Brito;britomurilo@example.com;Pinto;RN;2022-01-06 21:09:53
670;670;Marcelo Viana;sousabeatriz@example.com;das Neves de Aragão;DF;2024-05-14 06:17:07
671;671;Dra. Olivia Sales;marcos-vinicius16@example.com;Silveira de Rocha;AM;2023-08-07 21:49:34
672;672;Brenda Costela;ypastor@example.net;Ramos do Campo;RN;2021-01-15 16:04:47
673;673;Maria Julia da Conceição;vitorpacheco@example.com;Santos;PI;2024-02-21 05:27:31
674;674;Ana Luiza Machado;costagustavo-henrique@example.org;da Rosa Paulista;MS;2024-07-10 18:11:58
675;675;Dra. Isabella Câmara;mgoncalves@example.net;Porto Verde;MT;2022-12-10 11:07:09
676;676;Beatriz Barros;pedro-henrique74@example.org;Mendonça do Galho;MG;2024-04-24 20:55:14
677;677;Dra. Bella Duarte;vmoreira@example.com;Sales da Mata;BA;2023-05-31 00:25:14
678;678;Samuel Costela;asafemendes@example.com;Silveira;AL;2025-08-08 11:34:19
679;679;Agatha Gomes;maitemoura@example.net;Rocha;MS;2025-08-06 22:52:36
680;680;Thiago Peixoto;leoda-cunha@example.net;Ramos;SC;2020-10-03 07:42:51
681;681;Manuella Cunha;luiz-fernando34@example.org;Rocha de Fonseca;MG;2022-06-26 05:48:04
682;682;Jade da Conceição;ana-liviafarias@example.net;Azevedo Alegre;PB;2022-08-25 04:32:13
683;683;Marcela Albuquerque;bellabarbosa@example.com;Ferreira;AC;2020-10-09 12:22:13
684;684;Diego Sales;ssa@example.org;Ribeiro;TO;2025-06-21 00:32:52
685;685;Dra. Rafaela Rodrigues;benicionogueira@example.com;Camargo;SP;2023-11-16 18:52:16
686;686;Stephany Pinto;caldeiramarcela@example.net;Sousa da Prata;PB;2024-05-25 14:15:27
687;687;Cecilia Sá;azevedocaio@example.org;da Luz de Silveira;AL;2023-01-15 18:03:25
688;688;Sra. Marcela Albuquerque;maria-luisa14@example.com;Garcia;PE;2024-06-09 07:51:32
689;689;Felipe Fogaça;alexia93@example.com;Santos da Mata;MT;2020-12-23 12:46:46
690;690;Maria Cecília Alves;nda-costa@example.org;Rios da Serra;BA;2024-06-23 12:34:35
691;691;Dante Pires;castroalana@example.org;Mendonça;RR;2020-12-22 06:43:32
692;692;Kevin Teixeira;santosmariane@example.net;Casa Grande;AC;2023-07-04 21:06:18
693;693;Henrique Cassiano;vitor-hugo57@example.net;Nunes do Galho;MS;2025-06-24 20:53:21
694;694;Davi Lucca Gomes;isaac82@example.net;Camargo do Galho;AL;2024-09-11 01:04:34
695;695;José Miguel Ramos;maysaribeiro@example.net;Sales;DF;2023-05-31 10:49:18
696;696;Ana Vitória Freitas;wda-paz@example.com;Monteiro do Amparo;BA;2024-06-20 11:30:44
697;697;Manuela Lopes;luiz-fernandocasa-grande@example.net;Pereira da Serra;MS;2022-07-31 07:29:51
698;698;Sra. Evelyn Sampaio;gomesdavi@example.com;Câmara;PE;2020-10-22 22:11:32
699;699;Davi da Paz;gael-henrique59@example.com;Rezende do Oeste;PA;2024-05-18 13:28:57
700;700;Thiago Pastor;benicio61@example.org;Pimenta do Norte;AM;2022-07-08 12:38:28
701;701;Ana Lívia Fonseca;ada-mota@example.com;Guerra;SC;2025-07-08 04:26:35
702;702;Nathan da Mata;fduarte@example.net;Fogaça;ES;2022-09-22 17:44:03
703;703;Maria Laura Casa Grande;balbuquerque@example.com;Novais de Barbosa;DF;2020-09-14 13:35:11
704;704;Alexia Borges;barbosajuan@example.com;Azevedo;RJ;2024-08-08 08:25:20
705;705;Emanuel Albuquerque;carlos-eduardomelo@example.net;Nascimento;AP;2021-07-11 20:54:42
706;706;Augusto Casa Grande;agathaviana@example.com;Mendonça do Norte;MT;2022-09-20 21:33:14
707;707;Dr. Noah Moraes;igorbarbosa@example.net;Camargo;RJ;2024-07-26 11:49:15
708;708;Natália Araújo;theodoro08@example.com;Araújo do Norte;PB;2020-12-16 12:57:03
709;709;Dra. Gabriela Pinto;abreuana-julia@example.com;Duarte;AC;2020-12-19 19:33:55
710;710;Cecília Guerra;paulo50@example.com;Pinto da Serra;PE;2023-05-13 22:54:23
711;711;Matheus Oliveira;novaesantonio@example.net;Sá;MT;2023-05-12 07:15:05
712;712;Sarah Pereira;gferreira@example.net;Monteiro do Oeste;RN;2025-05-24 18:02:25
713;713;Evelyn Machado;brenomoraes@example.com;Sales;ES;2022-10-11 09:17:12
714;714;Ravi Duarte;rodriguesmathias@example.net;Rezende;CE;2021-11-04 18:40:30
715;715;Maria Flor Sales;rochaalexandre@example.net;das Neves;DF;2023-11-12 05:37:18
716;716;Maria Julia Ramos;carlos-eduardo78@example.net;Caldeira;DF;2025-04-09 14:37:16
717;717;Benjamin da Conceição;kcarvalho@example.com;Aparecida;RS;2025-07-10 01:16:24
718;718;Davi Luiz Ramos;nunesrodrigo@example.net;Leão de Duarte;PB;2020-11-14 10:53:40
719;719;Stella Freitas;dteixeira@example.com;Silveira;PI;2021-05-02 16:04:19
720;720;Ana Liz Pacheco;giovannaoliveira@example.org;Mendonça de Siqueira;RS;2022-10-13 00:17:59
721;721;Ísis Correia;aragaomiguel@example.com;Rocha;SE;2023-01-16 14:54:19
722;722;Ana Laura Aragão;luisacaldeira@example.net;Cirino;AP;2022-03-28 19:48:00
723;723;Vitor Montenegro;yasmin15@example.com;Vieira Verde;PA;2023-05-11 18:46:59
724;724;Augusto Costa;bmelo@example.org;Pinto de Castro;BA;2025-01-14 05:55:47
725;725;Srta. Carolina Aparecida;nathan25@example.com;Alves;ES;2021-04-16 02:57:58
726;726;Otto Câmara;gael-henrique24@example.org;Jesus;AM;2021-02-01 21:37:10
727;727;Murilo Teixeira;livia45@example.net;Mendes Verde;MG;2023-01-30 23:25:41
728;728;Beatriz Vasconcelos;rmoreira@example.net;Garcia;DF;2022-04-23 08:59:13
729;729;Isaque Vasconcelos;joaoda-rosa@example.net;Gomes;RJ;2021-02-13 04:35:54
730;730;Dra. Cecília Carvalho;nsa@example.org;da Luz de Pimenta;PE;2025-05-06 10:04:19
731;731;Sr. Gustavo Henrique Correia;duarteravi-lucca@example.org;da Rosa;AL;2024-01-16 10:42:46
732;732;Aurora Fernandes;da-pazesther@example.com;Vieira;DF;2020-10-25 04:32:51
733;733;Srta. Yasmin Aragão;luiza84@example.com;Ramos de Goiás;RN;2024-01-26 06:32:29
734;734;Rhavi Fonseca;alice85@example.org;Souza de Cavalcante;ES;2020-11-13 08:04:08
735;735;Giovanna Vasconcelos;benjamimrezende@example.com;Teixeira do Sul;PI;2025-02-16 23:21:48
736;736;Maria Clara Camargo;ravi-luccasilva@example.com;da Mata de Minas;SP;2025-02-27 19:45:50
737;737;Luiz Henrique Brito;joao-felipecampos@example.org;Ramos de Minas;CE;2022-12-12 23:45:12
738;738;Emanuella Azevedo;melina42@example.net;Casa Grande;AL;2022-09-07 20:56:06
739;739;Dra. Clarice Montenegro;britoelisa@example.net;Cavalcanti;PE;2025-07-30 09:24:19
740;740;Arthur Miguel Sampaio;zoecunha@example.net;Ramos de Abreu;ES;2021-08-04 10:25:41
741;741;Sr. Yuri Gonçalves;renan36@example.com;da Rosa de Goiás;RN;2021-03-28 01:27:03
742;742;Antonella Cirino;liamgomes@example.net;da Cruz de Minas;MA;2025-08-08 00:58:58
743;743;Esther Nascimento;ferreiraarthur@example.net;Rodrigues da Mata;MT;2023-11-17 08:39:32
744;744;Nina Nunes;glopes@example.net;Novais de Goiás;RN;2024-06-28 00:01:51
745;745;Davi Lucca Pastor;lauracaldeira@example.net;Rezende do Galho;RO;2025-03-13 01:40:59
746;746;Augusto Sampaio;macedostephany@example.net;da Conceição do Norte;MA;2022-05-01 12:16:39
747;747;Lara da Rocha;anthonyoliveira@example.net;Peixoto de Goiás;CE;2021-03-09 20:29:32
748;748;Elisa Souza;enzo-gabriel38@example.com;Pereira;MG;2024-01-19 02:50:00
749;749;Léo Machado;ana-vitoriacasa-grande@example.org;Ribeiro de Brito;TO;2024-02-05 19:58:24
750;750;Yuri Mendes;da-pazstephany@example.org;Machado do Amparo;RS;2021-05-02 23:36:42
751;751;Dr. Danilo Vasconcelos;almeidanicolas@example.org;Sousa;AL;2020-10-05 03:14:29
752;752;Helena Monteiro;eloah77@example.net;Casa Grande de Minas;AL;2024-10-09 00:44:03
753;753;Sr. Davi Lucca Sales;joao-lucas33@example.net;Nunes;CE;2024-06-27 22:14:25
754;754;Dr. Augusto Barbosa;cauedias@example.org;Silva;PE;2020-10-24 12:05:33
755;755;Maria Eduarda Azevedo;sabrina03@example.org;Silva;MT;2020-12-17 09:45:27
756;756;Luana Machado;ana-luizaduarte@example.net;Nunes do Galho;MG;2022-03-06 08:52:43
757;757;Emanuel Guerra;ferreiramiguel@example.org;Porto de Teixeira;AP;2022-03-16 21:54:38
758;758;Srta. Vitória Martins;meloemilly@example.net;Pereira da Serra;PE;2025-01-08 10:27:40
759;759;João Pedro Abreu;maria-clara70@example.net;Duarte;AM;2022-12-29 00:55:46
760;760;Henrique Mendonça;oliveirastephany@example.com;Vasconcelos;SP;2023-04-30 03:51:10
761;761;João Pedro da Conceição;qmoura@example.org;Duarte de Vasconcelos;RS;2022-04-10 04:33:43
762;762;Lucas Gabriel Porto;qferreira@example.net;Camargo;MG;2020-11-10 23:27:15
763;763;Maya Gomes;piresraquel@example.org;Farias;ES;2022-01-15 19:03:00
764;764;Gael Brito;ana-luiza90@example.org;Rocha;PA;2024-08-04 05:33:35
765;765;Lunna Fonseca;giovanna33@example.com;Casa Grande;CE;2022-01-19 08:13:15
766;766;Fernando Cardoso;luiz-felipe28@example.com;Campos;MT;2024-04-21 04:37:35
767;767;Maria Vitória Pacheco;maria-eduarda66@example.com;Almeida de Goiás;AC;2025-04-26 06:08:29
768;768;Dra. Lara Ramos;costelaana-clara@example.net;Farias;TO;2025-05-10 03:11:41
769;769;Dr. João Guilherme Gomes;igorpereira@example.com;Ferreira de Correia;MG;2024-09-07 04:04:10
770;770;Zoe Costela;ana-vitoriaandrade@example.org;da Paz Alegre;PE;2025-07-25 14:19:32
771;771;Laís Silva;cassianoisadora@example.org;da Paz;SC;2022-12-22 05:33:35
772;772;Sofia Correia;ceciliabarros@example.org;Barros;PR;2023-12-29 00:01:52
773;773;Bruno Sales;dalbuquerque@example.net;Vieira;PB;2024-04-19 08:06:53
774;774;Lorena da Rocha;beatrizsiqueira@example.com;Fonseca Paulista;MT;2022-10-19 03:38:57
775;775;Arthur Miguel Montenegro;souzamaria-flor@example.org;Freitas;SE;2023-10-12 15:27:12
776;776;Dr. Juan Nunes;pedropastor@example.net;Nunes Paulista;AL;2025-08-02 11:29:34
777;777;Kamilly Peixoto;maria-fernandafonseca@example.com;Rezende;ES;2025-01-24 05:46:11
778;778;Davi Luiz da Mata;caldeirasofia@example.org;Sampaio;PR;2023-07-27 16:51:02
779;779;Ana Vitória Viana;lara92@example.net;Cardoso;PI;2021-08-13 03:38:56
780;780;Benício Cardoso;maria-laura61@example.com;Brito das Flores;PB;2021-03-08 08:38:08
781;781;Liam Castro;dda-luz@example.net;Garcia da Prata;BA;2021-04-04 15:27:54
782;782;Caroline da Rocha;ibarros@example.org;Fernandes;RN;2022-10-10 21:41:36
783;783;João Felipe da Cunha;camilafogaca@example.org;Abreu;PE;2022-11-04 01:34:22
784;784;Maria Julia Gomes;antonio02@example.org;Silva de Rocha;MT;2023-03-09 21:17:56
785;785;Maria Júlia Andrade;vianamaria-luisa@example.org;Siqueira;RO;2020-10-28 02:59:31
786;786;Caio Castro;moreiraarthur-miguel@example.net;Cunha;MS;2022-05-30 15:32:23
787;787;Dr. Gabriel Teixeira;jade48@example.org;Correia;PA;2022-03-06 00:55:26
788;788;Aurora Lopes;rodrigo31@example.com;da Paz Verde;RJ;2022-03-28 04:36:32
789;789;João das Neves;vnovais@example.com;da Luz do Norte;MA;2022-07-31 10:06:55
790;790;Isadora da Costa;wrocha@example.org;Jesus do Norte;SC;2024-05-11 23:26:38
791;791;Emanuella Correia;qda-mata@example.com;Teixeira Grande;SP;2023-04-05 16:45:03
792;792;Nina Cardoso;alanamontenegro@example.net;Andrade;CE;2023-09-04 04:08:18
793;793;Murilo da Rosa;da-rochaemanuelly@example.net;Souza;MS;2022-08-02 00:18:17
794;794;Zoe da Luz;eloahmontenegro@example.com;Alves;AP;2025-06-06 13:28:48
795;795;Henry Leão;hvargas@example.org;Fonseca;PR;2023-08-20 22:49:44
796;796;Sra. Ana Beatriz Viana;azevedojoao-lucas@example.org;da Conceição da Prata;RO;2024-12-23 03:00:52
797;797;Maria Julia Nascimento;natalia22@example.org;da Luz de Silva;BA;2023-06-15 04:54:40
798;798;Igor Marques;pimentamelina@example.net;Correia;PB;2023-04-19 08:08:00
799;799;Vinícius Lima;yagocosta@example.net;Cirino;PB;2023-10-09 21:16:25
800;800;Benjamin Mendes;da-rosaayla@example.org;Azevedo;MG;2023-08-15 18:38:00
801;801;Miguel Camargo;lopeszoe@example.org;Cunha;PB;2021-02-27 22:25:22
802;802;Sr. Kevin Viana;luiz-fernando31@example.net;Silveira de Minas;AC;2024-03-28 21:28:18
803;803;Isaac Pacheco;rebeca32@example.net;da Cunha;SC;2023-02-01 08:39:23
804;804;Hellena Marques;davi-lucaslopes@example.net;Santos;BA;2021-03-06 09:50:11
805;805;Sr. Thiago Cassiano;carolinaabreu@example.net;Pacheco de da Mata;PB;2020-10-28 18:46:24
806;806;Ana Julia Silva;ana-sophiasales@example.net;Jesus Paulista;MS;2025-07-25 07:45:46
807;807;Dr. Arthur Miguel Lopes;mariaalves@example.com;da Mota;AM;2021-04-27 20:50:42
808;808;Emanuelly Marques;limamelissa@example.com;Brito;DF;2024-05-20 12:15:36
809;809;Srta. Bella Brito;mourajose@example.org;Moreira do Norte;SC;2025-04-09 04:11:05
810;810;Dra. Maria Laura Pires;mcassiano@example.net;Azevedo;RR;2024-12-16 14:02:56
811;811;Enrico Marques;isisazevedo@example.com;da Cruz dos Dourados;PB;2021-03-11 01:40:21
812;812;Sr. Anthony Almeida;maria-sophiabarros@example.net;Leão;SC;2021-04-03 15:47:08
813;813;Ana Laura Aragão;lorenanovais@example.org;Casa Grande;PB;2024-03-27 20:08:57
814;814;Sra. Aylla Fogaça;josesantos@example.org;da Luz;BA;2021-12-03 16:01:50
815;815;Kaique da Rocha;zpereira@example.net;Novais de Cavalcanti;PE;2025-03-13 08:50:36
816;816;Srta. Laís Brito;miguel67@example.org;Nunes;MA;2021-07-24 02:30:33
817;817;Manuela Dias;jose-pedro91@example.org;Ferreira da Prata;PI;2021-03-18 12:55:04
818;818;Isabela Fogaça;lucas-gabrielmendes@example.net;da Cruz;MG;2022-11-17 12:23:55
819;819;Eloá Barbosa;apimenta@example.org;Freitas;BA;2022-07-07 19:24:39
820;820;Hadassa Caldeira;abreujoana@example.net;Silveira;AM;2025-06-30 19:42:32
821;821;João Gabriel Teixeira;diascatarina@example.com;da Paz;AP;2021-10-10 20:16:46
822;822;Levi Gonçalves;machadogustavo-henrique@example.org;Costela de Campos;AL;2023-05-18 19:54:19
823;823;Sabrina Ferreira;camargobenjamim@example.com;Nunes do Norte;RN;2022-01-24 05:29:27
824;824;Yago Rodrigues;lara79@example.net;Moreira;RS;2023-07-30 14:38:09
825;825;Alice Santos;joao-guilhermenovais@example.net;Almeida Verde;SP;2024-03-28 00:51:56
826;826;Sara da Cunha;gomesnathan@example.com;da Cruz do Sul;SC;2022-04-13 22:22:42
827;827;Srta. Ana Sophia Brito;jteixeira@example.org;Rios;SE;2020-09-30 11:35:24
828;828;Vitor Hugo Moraes;mourajoao-gabriel@example.net;Lopes;AL;2022-07-05 14:21:42
829;829;João Caldeira;valentinanogueira@example.net;Lopes de Camargo;SP;2022-01-04 07:54:59
830;830;Srta. Lívia Machado;azevedomaria-helena@example.com;Silveira Verde;PA;2021-11-23 21:55:47
831;831;Ester da Mota;moraescalebe@example.net;da Cunha dos Dourados;AC;2024-01-31 16:08:06
832;832;Ravi Lucca Peixoto;ida-cruz@example.com;Azevedo;SP;2024-11-19 06:15:44
833;833;Valentim Aragão;camposrafael@example.com;Monteiro;MA;2023-07-14 22:23:59
834;834;Miguel Pacheco;britomaria-cecilia@example.com;Abreu de Silva;RO;2025-07-02 23:26:05
835;835;Agatha Porto;augusto91@example.net;das Neves;SE;2025-06-06 23:28:31
836;836;Luiza Santos;isaacda-cunha@example.org;das Neves;PB;2023-12-03 17:20:00
837;837;Otávio Abreu;fmacedo@example.com;Martins da Prata;AC;2025-06-11 23:50:48
838;838;Dra. Lorena da Luz;maite00@example.org;Novais;RN;2021-06-28 08:29:38
839;839;Kamilly Fogaça;elisasousa@example.net;Vasconcelos;AC;2021-12-30 02:52:15
840;840;Dr. Valentim Andrade;marquesgabriela@example.org;Borges;RJ;2022-09-04 10:17:37
841;841;Luana Peixoto;kaique29@example.com;Pastor;ES;2022-09-20 14:50:31
842;842;Ana Liz Albuquerque;pachecoagatha@example.org;Garcia;SE;2021-08-27 22:28:53
843;843;Davi Miguel Casa Grande;caldeiraantony@example.org;Sampaio;AL;2020-09-17 22:54:20
844;844;Juliana Pimenta;marquesvicente@example.com;Garcia;AP;2024-07-20 21:55:26
845;845;Aylla Pereira;guerrahenry-gabriel@example.org;Machado;AP;2025-08-28 19:23:32
846;846;Luana Silveira;alanada-cunha@example.com;Sampaio;PR;2020-10-07 09:54:35
847;847;Vicente Casa Grande;pintothiago@example.net;Moreira Alegre;CE;2020-11-30 17:53:22
848;848;Dr. Lucas Gabriel Vieira;silvaana-sophia@example.net;da Conceição;AC;2025-06-19 16:33:58
849;849;Ana Lívia Vasconcelos;julia24@example.net;Borges da Mata;RN;2022-11-26 16:47:00
850;850;Maria Alice Macedo;ajesus@example.org;Dias do Norte;RN;2020-09-22 07:38:18
851;851;Sra. Alice Andrade;da-cruzluan@example.net;Novaes da Praia;SE;2024-09-01 17:23:47
852;852;José Cirino;ppastor@example.com;Lima de Pereira;MG;2021-11-16 09:16:11
853;853;Breno Lopes;benicio88@example.com;Câmara;SP;2024-02-06 20:47:59
854;854;Enzo Gabriel Moura;aurora48@example.net;Nascimento das Flores;RS;2022-07-02 10:16:14
855;855;Henry Mendes;rsiqueira@example.com;Pires;SC;2023-06-23 05:17:54
856;856;Valentina Vieira;isabel79@example.net;Macedo;RJ;2024-10-28 07:08:40
857;857;Arthur Miguel Rezende;leandro53@example.org;Casa Grande da Serra;RS;2021-12-21 12:09:36
858;858;Maya Farias;luisa56@example.org;Fogaça;DF;2022-04-25 20:15:05
859;859;Bruna da Costa;maria-juliapeixoto@example.com;Pereira de Goiás;SE;2021-09-18 10:29:59
860;860;José Cardoso;pauloalbuquerque@example.org;Rios;PI;2023-12-19 11:11:16
861;861;Maria Liz Albuquerque;thomasmarques@example.com;Moraes;PE;2023-09-10 15:03:06
862;862;Gael Henrique Caldeira;erick46@example.net;Sá;MT;2023-04-08 02:34:13
863;863;Sara Viana;rpereira@example.org;Camargo;RJ;2023-07-08 12:00:12
864;864;Luiz Henrique Moreira;maria-luiza52@example.com;Vasconcelos;RJ;2025-03-01 03:58:04
865;865;Samuel Rezende;cecilia97@example.net;Costa dos Dourados;RS;2023-05-03 14:24:04
866;866;Arthur Gabriel Nogueira;tfonseca@example.net;Aparecida;PE;2024-03-24 23:37:24
867;867;Allana Sampaio;luiz-henriqueguerra@example.net;Melo;PR;2023-05-10 13:26:52
868;868;Yasmin Lopes;rmarques@example.net;Nascimento;ES;2024-08-24 08:24:46
869;869;Mariana Caldeira;ocaldeira@example.net;Costa das Pedras;PE;2023-06-08 05:12:43
870;870;Melissa Pacheco;portoheitor@example.net;Caldeira;CE;2022-04-23 17:46:23
871;871;Gabriela Pastor;cnogueira@example.net;Macedo;AC;2023-10-02 18:32:23
872;872;Dra. Julia Lima;aparecidaian@example.org;Fogaça de da Conceição;RN;2021-10-15 20:09:32
873;873;Vinicius Nunes;vargasnina@example.com;Gomes do Campo;RJ;2022-04-23 21:12:13
874;874;Luiz Miguel Guerra;sjesus@example.net;Cunha;AP;2025-08-08 15:20:10
875;875;Davi Miguel Moreira;bellagoncalves@example.net;Vieira da Prata;PE;2024-04-22 13:57:54
876;876;Srta. Maria Helena Nascimento;ypacheco@example.com;Vasconcelos;AL;2022-08-06 11:12:44
877;877;Vitor Hugo Jesus;manuella59@example.net;Nunes;MG;2024-03-09 03:39:15
878;878;Isabelly Barros;tduarte@example.net;Marques dos Dourados;ES;2021-05-22 21:19:27
879;879;Enzo Gabriel Pimenta;joao-guilhermecarvalho@example.net;Campos;AL;2024-02-22 16:33:52
880;880;Ágatha Siqueira;maria-isis00@example.org;Montenegro;PI;2025-08-02 05:31:47
881;881;Ian Duarte;cassianoana-laura@example.org;Câmara Verde;RS;2023-10-21 06:59:55
882;882;Milena Nogueira;nicolas49@example.com;Gonçalves;PA;2020-12-18 01:22:20
883;883;Dr. Luiz Otávio Rocha;bella83@example.net;Santos;TO;2021-05-23 21:21:16
884;884;Isabelly Martins;sabrina34@example.com;Almeida;PA;2021-08-26 08:41:42
885;885;Sra. Isabela Jesus;glima@example.net;Vieira Alegre;MG;2023-11-10 16:06:05
886;886;Gael Sampaio;ygomes@example.org;Cirino de Aparecida;GO;2023-10-25 13:01:11
887;887;Erick Cirino;ivieira@example.net;da Luz da Praia;BA;2021-10-30 04:42:36
888;888;Helena Farias;anna-lizpacheco@example.com;da Rocha;CE;2022-07-16 05:14:24
889;889;Sofia Peixoto;da-cruzantonio@example.com;Lima;PR;2025-08-27 07:36:42
890;890;Stephany Rodrigues;julianasampaio@example.net;da Costa do Sul;RS;2023-09-24 09:04:52
891;891;Pedro Henrique Sousa;sophie34@example.com;Fonseca;RN;2021-10-24 08:41:34
892;892;Ester Cardoso;da-matadavi@example.org;da Rosa da Mata;PE;2022-01-17 01:31:24
893;893;Sr. Gael Barbosa;rmarques@example.org;Alves;AP;2023-01-18 04:05:24
894;894;Mateus Nogueira;melolaura@example.org;da Conceição;CE;2020-11-16 18:23:21
895;895;Cecília da Luz;hmontenegro@example.net;Duarte das Flores;MT;2021-07-06 03:50:23
896;896;Rael Nunes;garciabernardo@example.net;Porto;ES;2025-05-03 17:09:09
897;897;João Felipe Nunes;ana-julia62@example.org;Santos;CE;2024-06-27 19:46:41
898;898;Luana Siqueira;rafaelada-conceicao@example.com;Costa;DF;2021-08-11 03:52:25
899;899;Srta. Sofia Macedo;mendoncatheo@example.org;Martins do Galho;SP;2022-09-20 03:44:35
900;900;Dante Marques;alanaalves@example.com;Viana Paulista;GO;2024-09-12 14:31:15
901;901;Felipe Aragão;bentobarros@example.org;Camargo;AM;2024-12-30 10:23:55
902;902;Dante Sales;salbuquerque@example.net;Carvalho;MT;2024-12-11 15:04:23
903;903;Sr. Luigi Carvalho;castropietro@example.org;Mendes de Nascimento;RO;2024-03-08 02:21:22
904;904;Srta. Catarina Montenegro;augusto20@example.com;Silva da Mata;TO;2020-12-16 09:08:30
905;905;Isabella Gonçalves;maria-luisa85@example.net;Oliveira;PR;2024-01-25 00:39:43
906;906;Olivia Martins;zgarcia@example.net;Freitas;SP;2022-05-30 18:38:01
907;907;Vitor Gabriel Carvalho;bryan78@example.org;Lopes do Sul;RN;2024-02-21 07:49:44
908;908;Sr. Vitor Cassiano;antonella98@example.net;Campos de Rocha;RR;2022-07-04 00:48:15
909;909;Luísa da Paz;bcasa-grande@example.net;Castro de Guerra;AM;2024-04-09 14:03:06
910;910;Lavínia Sá;mnovaes@example.com;Novaes;MG;2021-06-29 00:54:23
911;911;Maria Luiza Mendonça;antonio78@example.com;Guerra;MT;2021-02-15 20:41:53
912;912;Emanuella Freitas;da-rochaana@example.org;Farias;SP;2023-07-28 00:24:53
913;913;Dr. Oliver Cirino;igormonteiro@example.com;Lopes da Prata;MG;2022-01-20 04:19:10
914;914;Leonardo Rezende;liam35@example.com;Castro do Campo;RN;2024-03-10 09:04:17
915;915;Murilo Alves;lucas81@example.net;Cassiano;AC;2023-10-11 21:48:37
916;916;Gael Henrique Montenegro;henry-gabriel79@example.net;Peixoto do Amparo;RS;2022-01-13 18:58:03
917;917;Dr. Vitor Hugo Freitas;fda-paz@example.com;Ramos;PI;2023-07-30 05:01:55
918;918;Benjamim Caldeira;calebe56@example.net;Vargas da Prata;AP;2025-04-27 22:53:07
919;919;Luísa Melo;barbaravargas@example.org;Gonçalves;MT;2025-05-24 05:52:30
920;920;Luísa Pastor;nbarros@example.org;Moreira da Mata;RS;2021-06-04 22:00:34
921;921;Dr. Vinicius Duarte;rrezende@example.org;da Mota Alegre;CE;2021-11-24 03:26:48
922;922;Paulo Castro;henry-gabrielcavalcante@example.org;Cardoso Grande;CE;2024-05-10 02:04:43
923;923;João Gabriel Pinto;juliamoreira@example.com;Aparecida de da Paz;RS;2020-10-22 00:38:08
924;924;Ana Sophia Santos;zpimenta@example.net;Nogueira;MS;2020-10-03 19:36:10
925;925;Danilo Silveira;alicenogueira@example.org;Mendonça;MG;2021-11-04 16:46:06
926;926;Olivia Macedo;alanaalmeida@example.net;Mendes de Abreu;SC;2024-07-22 23:17:20
927;927;Antonella Camargo;limamaria-eduarda@example.org;Moura;ES;2025-04-18 20:03:38
928;928;Brenda Pereira;halves@example.org;Porto;PR;2021-05-05 19:56:07
929;929;Sr. Valentim Guerra;renan56@example.net;da Cunha da Praia;RS;2020-10-16 05:17:44
930;930;Marcela Viana;foliveira@example.org;Pires;CE;2025-07-30 07:09:38
931;931;Pedro Miguel Novaes;luisa62@example.net;Costa;TO;2023-09-07 19:19:32
932;932;Sophie da Paz;mourathales@example.net;Moraes de Minas;RO;2022-05-13 09:36:37
933;933;Caroline Porto;joao-vitor19@example.net;da Luz Alegre;AC;2023-10-20 00:15:56
934;934;Evelyn Pimenta;pintopedro-henrique@example.com;Oliveira;AM;2021-05-30 02:31:23
935;935;Hellena da Rocha;asafe88@example.org;Machado;PB;2020-11-20 10:43:39
936;936;Gustavo Costela;novaisvitoria@example.org;Sousa do Norte;MA;2023-09-20 09:01:31
937;937;Pedro Henrique Marques;barrosbreno@example.org;Costa de Rezende;AP;2022-10-16 07:50:57
938;938;Kaique Macedo;ana-lauraribeiro@example.com;da Cruz;RN;2024-01-04 01:09:30
939;939;Sra. Bianca da Cruz;cecilia97@example.net;Casa Grande da Praia;DF;2021-01-19 22:35:30
940;940;Alana Mendonça;hcarvalho@example.net;Rodrigues;RN;2022-11-28 19:12:51
941;941;Marcela Lopes;agatha75@example.com;Vargas;MT;2022-02-24 04:31:48
942;942;Clarice da Conceição;sousarodrigo@example.net;Campos de Goiás;DF;2022-07-02 06:35:36
943;943;Jade Lopes;omontenegro@example.org;da Cunha Grande;SP;2025-04-28 20:56:57
944;944;Sr. Noah da Paz;das-nevescarlos-eduardo@example.org;Vieira de Cavalcante;TO;2021-03-17 22:11:52
945;945;Jade Borges;ana-lizpeixoto@example.org;Farias;AL;2021-12-13 09:52:45
946;946;Dr. Arthur Miguel Rios;valentimrodrigues@example.org;Dias;RJ;2021-08-09 14:58:56
947;947;Erick Marques;aparecidamurilo@example.com;da Rocha do Sul;RN;2021-11-24 09:48:36
948;948;Sra. Sara Duarte;tlopes@example.org;Vasconcelos;PI;2022-10-04 16:40:39
949;949;Gabrielly Almeida;vianamaria-helena@example.org;Borges da Prata;ES;2023-06-29 19:37:20
950;950;Enrico Albuquerque;ribeirojoao-lucas@example.net;Jesus do Galho;RN;2024-10-11 13:42:58
951;951;Lorena Macedo;sampaiothales@example.net;Freitas;AL;2020-12-19 14:15:12
952;952;Eloá Gomes;portootavio@example.org;Martins de Minas;MA;2022-06-27 16:40:31
953;953;Ana Carolina Cirino;olivia01@example.com;Fogaça de Souza;AC;2025-05-08 08:03:21
954;954;Bruno Silveira;oliveirabarbara@example.net;Almeida do Oeste;BA;2023-04-30 09:01:43
955;955;Anthony Gabriel Novaes;davi-luccamarques@example.com;Mendonça;PB;2023-10-27 06:46:28
956;956;Gabriel Peixoto;yanabreu@example.org;Sampaio de Leão;DF;2022-08-12 17:51:50
957;957;Caroline Lopes;ayllamontenegro@example.com;Monteiro;RR;2021-02-05 19:31:46
958;958;Lara Brito;araujotheodoro@example.net;Costela Paulista;AC;2023-09-08 16:18:45
959;959;Alana Fogaça;joao-felipeduarte@example.org;Novaes;ES;2022-11-08 01:42:52
960;960;Maria Júlia Jesus;leaoalana@example.net;Rios;SP;2025-02-24 17:35:23
961;961;Matheus Viana;oliveirabryan@example.com;Fonseca;PB;2024-07-04 12:20:14
962;962;Oliver Casa Grande;elisamendonca@example.org;Rios do Campo;RS;2021-04-13 01:36:42
963;963;Sophia Almeida;isabelrodrigues@example.org;Casa Grande;ES;2022-05-24 04:55:12
964;964;Théo Cavalcanti;fernanda99@example.net;Lopes Verde;TO;2021-11-21 08:58:17
965;965;Marcela Aparecida;fonsecaelisa@example.net;Rezende de Moura;PA;2023-04-23 10:08:21
966;966;Thomas Câmara;vda-cunha@example.net;Andrade do Norte;TO;2021-08-01 07:48:05
967;967;Enzo Gabriel Almeida;eduardo02@example.org;Vargas;CE;2024-04-20 21:45:26
968;968;Enzo Gabriel Garcia;luara94@example.net;Almeida Verde;GO;2025-03-10 20:28:56
969;969;Maria Cecília Alves;camposluan@example.net;Guerra dos Dourados;PB;2024-03-30 17:23:19
970;970;Agatha Melo;vnogueira@example.net;Aparecida;SP;2022-04-10 09:35:12
971;971;Bruna Costela;ocostela@example.net;Silveira;AC;2024-04-26 20:45:00
972;972;Amanda Castro;bcunha@example.net;Araújo;SE;2023-12-27 18:30:24
973;973;Srta. Heloisa Fonseca;maysa63@example.com;Novais de Nunes;MA;2025-04-06 15:51:59
974;974;Evelyn Moreira;antonio45@example.com;Brito;MG;2024-03-07 21:36:00
975;975;Pedro Henrique Campos;fmendes@example.net;Siqueira;SC;2021-05-30 04:53:53
976;976;Yasmin Brito;alopes@example.org;Barbosa de Oliveira;PA;2025-06-01 00:13:32
977;977;Sr. Ravy Oliveira;lda-luz@example.org;Cunha;DF;2023-09-27 20:13:30
978;978;Henry Caldeira;kcaldeira@example.org;Nascimento;ES;2024-07-10 10:34:29
979;979;Yuri Marques;qmartins@example.org;Silva de Fernandes;GO;2025-02-24 02:20:01
980;980;Melina Rezende;natalia26@example.com;Cavalcanti;RO;2021-09-11 18:45:30
981;981;Cecília Câmara;brenoaragao@example.net;Freitas da Mata;PE;2021-05-20 11:26:10
982;982;Breno Pereira;benjamim80@example.com;Barros;PI;2021-06-29 09:54:32
983;983;Mariah Macedo;vitor09@example.org;Dias;AP;2023-12-15 00:40:48
984;984;Luiz Felipe Marques;luiz-henriquemoura@example.org;Souza Verde;SE;2021-05-28 17:59:25
985;985;Ravi Lucca da Rocha;isabela15@example.org;Freitas;MT;2025-01-07 20:32:53
986;986;Liz Cunha;davirezende@example.org;Nascimento;MT;2021-05-13 22:03:59
987;987;Dr. Calebe Borges;vinicius60@example.net;Cavalcanti de Vasconcelos;PB;2021-08-25 15:32:48
988;988;Ayla Aparecida;dante32@example.com;Sá de Lima;MS;2024-04-23 20:21:15
989;989;Lavínia Viana;luara59@example.net;Melo;RJ;2022-04-12 09:24:47
990;990;Sra. Pietra da Rosa;fogacajoao-felipe@example.com;Silveira;RJ;2024-04-25 08:36:48
991;991;Sr. José Sousa;da-cruzcaue@example.org;Mendes de Minas;RR;2024-03-31 01:57:07
992;992;Dra. Nicole Aparecida;gabrielalima@example.net;da Rocha de Cardoso;AC;2022-06-10 13:19:20
993;993;Rebeca Araújo;wda-cruz@example.com;Garcia dos Dourados;MT;2024-09-15 21:46:14
994;994;Arthur Rodrigues;jabreu@example.com;Nunes Verde;MS;2023-12-17 07:08:05
995;995;Daniela Machado;falves@example.com;Sá de Moura;SP;2022-05-22 02:20:40
996;996;Isabelly Ribeiro;guerradavi-miguel@example.org;Melo da Praia;DF;2022-11-07 23:25:40
997;997;Bárbara Sampaio;bpacheco@example.net;Camargo;CE;2022-12-18 09:09:50
998;998;Marcos Vinicius Mendonça;luiz-gustavo29@example.net;Sousa da Mata;RO;2024-09-11 02:35:04
999;999;Dr. Leonardo Mendes;aragaonoah@example.com;Rios;PR;2022-06-03 10:04:29
